_id,session,run,meanScore,maxScore,alpha,gamma,exploreRate,batchSize,bufferSize
647d382dbeb44780d54d93f9,1,1,12,12,0.01,0.9,90.0,40,10000
647d382dbeb44780d54d93fa,1,2,13,14,0.01,0.9,90.0,40,10000
647d382dbeb44780d54d93fb,1,3,21.333333333333332,38,0.01,0.9,90.0,40,10000
647d382dbeb44780d54d93fc,1,4,21.75,38,0.01,0.9,90.0,40,10000
647d382dbeb44780d54d93fd,1,5,20.4,38,0.01,0.9,90.0,40,10000
647d382dbeb44780d54d93fe,1,6,21.333333333333332,38,0.01,0.9,90.0,40,10000
647d382dbeb44780d54d93ff,1,7,20,38,0.01,0.9,90.0,40,10000
647d382dbeb44780d54d9400,1,8,21,38,0.01,0.9,90.0,40,10000
647d382dbeb44780d54d9401,1,9,20.555555555555557,38,0.01,0.9,90.0,40,10000
647d382dbeb44780d54d9402,1,10,20,38,0.01,0.9,90.0,40,10000
647d382dbeb44780d54d9403,1,11,20.636363636363637,38,0.01,0.9,90.0,40,10000
647d382dbeb44780d54d9404,1,12,20,38,0.01,0.9,90.0,40,10000
647d382dbeb44780d54d9405,1,13,20.384615384615383,38,0.01,0.9,90.0,40,10000
647d382dbeb44780d54d9406,1,14,20.571428571428573,38,0.01,0.9,90.0,40,10000
647d382dbeb44780d54d9407,1,15,20.6,38,0.01,0.9,90.0,40,10000
647d382dbeb44780d54d9408,1,16,20.25,38,0.01,0.9,90.0,40,10000
647d382dbeb44780d54d9409,1,17,21.058823529411764,38,0.01,0.9,90.0,40,10000
647d382dbeb44780d54d940a,1,18,20.833333333333332,38,0.01,0.9,90.0,40,10000
647d382dbeb44780d54d940b,1,19,20.57894736842105,38,0.01,0.9,90.0,40,10000
647d382dbeb44780d54d940c,1,20,21.05,38,0.01,0.9,90.0,40,10000
647d382dbeb44780d54d940d,1,21,20.714285714285715,38,0.01,0.9,90.0,40,10000
647d382dbeb44780d54d940e,1,22,20.454545454545453,38,0.01,0.9,90.0,40,10000
647d382dbeb44780d54d940f,1,23,20.82608695652174,38,0.01,0.9,90.0,40,10000
647d382dbeb44780d54d9410,1,24,20.833333333333332,38,0.01,0.9,90.0,40,10000
647d382dbeb44780d54d9411,1,25,20.56,38,0.01,0.9,90.0,40,10000
647d382dbeb44780d54d9412,1,26,20.46153846153846,38,0.01,0.9,90.0,40,10000
647d382dbeb44780d54d9413,1,27,20.074074074074073,38,0.01,0.9,90.0,40,10000
647d382dbeb44780d54d9414,1,28,19.892857142857142,38,0.01,0.9,90.0,40,10000
647d382dbeb44780d54d9415,1,29,19.586206896551722,38,0.01,0.9,90.0,40,10000
647d382dbeb44780d54d9416,1,30,19.633333333333333,38,0.01,0.9,90.0,40,10000
647d382dbeb44780d54d9417,1,31,19.35483870967742,38,0.01,0.9,90.0,40,10000
647d382dbeb44780d54d9418,1,32,19.71875,38,0.01,0.9,90.0,40,10000
647d382dbeb44780d54d9419,1,33,19.727272727272727,38,0.01,0.9,90.0,40,10000
647d382dbeb44780d54d941a,1,34,19.970588235294116,38,0.01,0.9,90.0,40,10000
647d382dbeb44780d54d941b,1,35,20.257142857142856,38,0.01,0.9,90.0,40,10000
647d382dbeb44780d54d941c,1,36,20,38,0.01,0.9,90.0,40,10000
647d382dbeb44780d54d941d,1,37,20.513513513513512,39,0.01,0.9,90.0,40,10000
647d382dbeb44780d54d941e,1,38,20.42105263157895,39,0.01,0.9,90.0,40,10000
647d382dbeb44780d54d941f,1,39,20.17948717948718,39,0.01,0.9,90.0,40,10000
647d382dbeb44780d54d9420,1,40,20.225,39,0.01,0.9,90.0,40,10000
647d382dbeb44780d54d9421,1,41,20.097560975609756,39,0.01,0.9,90.0,40,10000
647d382dbeb44780d54d9422,1,42,20.095238095238095,39,0.01,0.9,90.0,40,10000
647d382dbeb44780d54d9423,1,43,19.976744186046513,39,0.01,0.9,90.0,40,10000
647d382dbeb44780d54d9424,1,44,19.90909090909091,39,0.01,0.9,90.0,40,10000
647d382dbeb44780d54d9425,1,45,19.77777777777778,39,0.01,0.9,90.0,40,10000
647d382dbeb44780d54d9426,1,46,19.652173913043477,39,0.01,0.9,90.0,40,10000
647d382dbeb44780d54d9427,1,47,19.680851063829788,39,0.01,0.9,90.0,40,10000
647d382dbeb44780d54d9428,1,48,19.520833333333332,39,0.01,0.9,90.0,40,10000
647d382dbeb44780d54d9429,1,49,19.346938775510203,39,0.01,0.9,90.0,40,10000
647d382dbeb44780d54d942a,1,50,19.42,39,0.01,0.9,90.0,40,10000
647d382dbeb44780d54d942b,1,51,19.45098039215686,39,0.01,0.9,90.0,40,10000
647d382dbeb44780d54d942c,1,52,19.403846153846153,39,0.01,0.9,90.0,40,10000
647d382dbeb44780d54d942d,1,53,19.339622641509433,39,0.01,0.9,90.0,40,10000
647d382dbeb44780d54d942e,1,54,19.25925925925926,39,0.01,0.9,90.0,40,10000
647d382dbeb44780d54d942f,1,55,19.29090909090909,39,0.01,0.9,90.0,40,10000
647d382dbeb44780d54d9430,1,56,19.267857142857142,39,0.01,0.9,90.0,40,10000
647d382dbeb44780d54d9431,1,57,19.140350877192983,39,0.01,0.9,90.0,40,10000
647d382dbeb44780d54d9432,1,58,18.96551724137931,39,0.01,0.9,90.0,40,10000
647d382dbeb44780d54d9433,1,59,19.23728813559322,39,0.01,0.9,90.0,40,10000
647d382dbeb44780d54d9434,1,60,19.166666666666668,39,0.01,0.9,90.0,40,10000
647d382dbeb44780d54d9435,1,61,19.360655737704917,39,0.01,0.9,90.0,40,10000
647d382dbeb44780d54d9436,1,62,19.370967741935484,39,0.01,0.9,90.0,40,10000
647d382dbeb44780d54d9437,1,63,19.444444444444443,39,0.01,0.9,90.0,40,10000
647d382dbeb44780d54d9438,1,64,19.359375,39,0.01,0.9,90.0,40,10000
647d382dbeb44780d54d9439,1,65,19.384615384615383,39,0.01,0.9,90.0,40,10000
647d382dbeb44780d54d943a,1,66,19.318181818181817,39,0.01,0.9,90.0,40,10000
647d382dbeb44780d54d943b,1,67,19.47761194029851,39,0.01,0.9,90.0,40,10000
647d382dbeb44780d54d943c,1,68,19.38235294117647,39,0.01,0.9,90.0,40,10000
647d382dbeb44780d54d943d,1,69,19.492753623188406,39,0.01,0.9,90.0,40,10000
647d382dbeb44780d54d943e,1,70,19.357142857142858,39,0.01,0.9,90.0,40,10000
647d382dbeb44780d54d943f,1,71,19.577464788732396,39,0.01,0.9,90.0,40,10000
647d382dbeb44780d54d9440,1,72,19.48611111111111,39,0.01,0.9,90.0,40,10000
647d382dbeb44780d54d9441,1,73,19.465753424657535,39,0.01,0.9,90.0,40,10000
647d382dbeb44780d54d9442,1,74,19.41891891891892,39,0.01,0.9,90.0,40,10000
647d382dbeb44780d54d9443,1,75,19.44,39,0.01,0.9,90.0,40,10000
647d382dbeb44780d54d9444,1,76,19.42105263157895,39,0.01,0.9,90.0,40,10000
647d382dbeb44780d54d9445,1,77,19.337662337662337,39,0.01,0.9,90.0,40,10000
647d382dbeb44780d54d9446,1,78,19.32051282051282,39,0.01,0.9,90.0,40,10000
647d382dbeb44780d54d9447,1,79,19.696202531645568,49,0.01,0.9,90.0,40,10000
647d382dbeb44780d54d9448,1,80,20.375,74,0.01,0.9,90.0,40,10000
647d382dbeb44780d54d9449,1,81,20.308641975308642,74,0.01,0.9,90.0,40,10000
647d382dbeb44780d54d944a,1,82,20.304878048780488,74,0.01,0.9,90.0,40,10000
647d382dbeb44780d54d944b,1,83,20.397590361445783,74,0.01,0.9,90.0,40,10000
647d382dbeb44780d54d944c,1,84,20.357142857142858,74,0.01,0.9,90.0,40,10000
647d382dbeb44780d54d944d,1,85,20.611764705882354,74,0.01,0.9,90.0,40,10000
647d382dbeb44780d54d944e,1,86,20.558139534883722,74,0.01,0.9,90.0,40,10000
647d382dbeb44780d54d944f,1,87,20.701149425287355,74,0.01,0.9,90.0,40,10000
647d382dbeb44780d54d9450,1,88,20.897727272727273,74,0.01,0.9,90.0,40,10000
647d382dbeb44780d54d9451,1,89,21.134831460674157,74,0.01,0.9,90.0,40,10000
647d382dbeb44780d54d9452,1,90,21.233333333333334,74,0.01,0.9,90.0,40,10000
647d382dbeb44780d54d9453,1,91,21.164835164835164,74,0.01,0.9,90.0,40,10000
647d382dbeb44780d54d9454,1,92,21.22826086956522,74,0.01,0.9,90.0,40,10000
647d382dbeb44780d54d9455,1,93,21.182795698924732,74,0.01,0.9,90.0,40,10000
647d382dbeb44780d54d9456,1,94,21.180851063829788,74,0.01,0.9,90.0,40,10000
647d382dbeb44780d54d9457,1,95,21.063157894736843,74,0.01,0.9,90.0,40,10000
647d382dbeb44780d54d9458,1,96,20.979166666666668,74,0.01,0.9,90.0,40,10000
647d382dbeb44780d54d9459,1,97,21.051546391752577,74,0.01,0.9,90.0,40,10000
647d382dbeb44780d54d945a,1,98,21.010204081632654,74,0.01,0.9,90.0,40,10000
647d382dbeb44780d54d945b,1,99,20.939393939393938,74,0.01,0.9,90.0,40,10000
647d382ebeb44780d54d945c,1,100,20.87,74,0.01,0.9,90.0,40,10000
647d3f81bf13ef8b3e14eb59,2,1,8,8,0.01,0.9,95.0,40,10000
647d3f81bf13ef8b3e14eb5a,2,2,23.5,39,0.01,0.9,95.0,40,10000
647d3f81bf13ef8b3e14eb5b,2,3,20.666666666666668,39,0.01,0.9,95.0,40,10000
647d3f81bf13ef8b3e14eb5c,2,4,22.25,39,0.01,0.9,95.0,40,10000
647d3f81bf13ef8b3e14eb5d,2,5,23.6,39,0.01,0.9,95.0,40,10000
647d3f81bf13ef8b3e14eb5e,2,6,21.166666666666668,39,0.01,0.9,95.0,40,10000
647d3f81bf13ef8b3e14eb5f,2,7,22.857142857142858,39,0.01,0.9,95.0,40,10000
647d3f81bf13ef8b3e14eb60,2,8,22,39,0.01,0.9,95.0,40,10000
647d3f81bf13ef8b3e14eb61,2,9,21.22222222222222,39,0.01,0.9,95.0,40,10000
647d3f81bf13ef8b3e14eb62,2,10,20.8,39,0.01,0.9,95.0,40,10000
647d3f81bf13ef8b3e14eb63,2,11,19.818181818181817,39,0.01,0.9,95.0,40,10000
647d3f81bf13ef8b3e14eb64,2,12,20.25,39,0.01,0.9,95.0,40,10000
647d3f81bf13ef8b3e14eb65,2,13,19.46153846153846,39,0.01,0.9,95.0,40,10000
647d3f81bf13ef8b3e14eb66,2,14,22.642857142857142,64,0.01,0.9,95.0,40,10000
647d3f81bf13ef8b3e14eb67,2,15,23.133333333333333,64,0.01,0.9,95.0,40,10000
647d3f81bf13ef8b3e14eb68,2,16,23.25,64,0.01,0.9,95.0,40,10000
647d3f81bf13ef8b3e14eb69,2,17,22.470588235294116,64,0.01,0.9,95.0,40,10000
647d3f81bf13ef8b3e14eb6a,2,18,22.5,64,0.01,0.9,95.0,40,10000
647d3f81bf13ef8b3e14eb6b,2,19,21.789473684210527,64,0.01,0.9,95.0,40,10000
647d3f81bf13ef8b3e14eb6c,2,20,21.7,64,0.01,0.9,95.0,40,10000
647d3f81bf13ef8b3e14eb6d,2,21,22.047619047619047,64,0.01,0.9,95.0,40,10000
647d3f81bf13ef8b3e14eb6e,2,22,22.09090909090909,64,0.01,0.9,95.0,40,10000
647d3f81bf13ef8b3e14eb6f,2,23,21.695652173913043,64,0.01,0.9,95.0,40,10000
647d3f81bf13ef8b3e14eb70,2,24,22.75,64,0.01,0.9,95.0,40,10000
647d3f81bf13ef8b3e14eb71,2,25,22.8,64,0.01,0.9,95.0,40,10000
647d3f81bf13ef8b3e14eb72,2,26,22.5,64,0.01,0.9,95.0,40,10000
647d3f81bf13ef8b3e14eb73,2,27,22.25925925925926,64,0.01,0.9,95.0,40,10000
647d3f81bf13ef8b3e14eb74,2,28,22.392857142857142,64,0.01,0.9,95.0,40,10000
647d3f81bf13ef8b3e14eb75,2,29,22.448275862068964,64,0.01,0.9,95.0,40,10000
647d3f81bf13ef8b3e14eb76,2,30,22.333333333333332,64,0.01,0.9,95.0,40,10000
647d3f81bf13ef8b3e14eb77,2,31,22.06451612903226,64,0.01,0.9,95.0,40,10000
647d3f81bf13ef8b3e14eb78,2,32,22.34375,64,0.01,0.9,95.0,40,10000
647d3f81bf13ef8b3e14eb79,2,33,22.151515151515152,64,0.01,0.9,95.0,40,10000
647d3f81bf13ef8b3e14eb7a,2,34,22.08823529411765,64,0.01,0.9,95.0,40,10000
647d3f81bf13ef8b3e14eb7b,2,35,21.771428571428572,64,0.01,0.9,95.0,40,10000
647d3f81bf13ef8b3e14eb7c,2,36,21.583333333333332,64,0.01,0.9,95.0,40,10000
647d3f81bf13ef8b3e14eb7d,2,37,21.972972972972972,64,0.01,0.9,95.0,40,10000
647d3f81bf13ef8b3e14eb7e,2,38,21.842105263157894,64,0.01,0.9,95.0,40,10000
647d3f81bf13ef8b3e14eb7f,2,39,21.58974358974359,64,0.01,0.9,95.0,40,10000
647d3f81bf13ef8b3e14eb80,2,40,21.475,64,0.01,0.9,95.0,40,10000
647d3f81bf13ef8b3e14eb81,2,41,21.341463414634145,64,0.01,0.9,95.0,40,10000
647d3f81bf13ef8b3e14eb82,2,42,21.095238095238095,64,0.01,0.9,95.0,40,10000
647d3f81bf13ef8b3e14eb83,2,43,21.13953488372093,64,0.01,0.9,95.0,40,10000
647d3f81bf13ef8b3e14eb84,2,44,20.886363636363637,64,0.01,0.9,95.0,40,10000
647d3f81bf13ef8b3e14eb85,2,45,20.822222222222223,64,0.01,0.9,95.0,40,10000
647d3f81bf13ef8b3e14eb86,2,46,20.847826086956523,64,0.01,0.9,95.0,40,10000
647d3f81bf13ef8b3e14eb87,2,47,20.70212765957447,64,0.01,0.9,95.0,40,10000
647d3f81bf13ef8b3e14eb88,2,48,20.75,64,0.01,0.9,95.0,40,10000
647d3f81bf13ef8b3e14eb89,2,49,20.632653061224488,64,0.01,0.9,95.0,40,10000
647d3f81bf13ef8b3e14eb8a,2,50,20.42,64,0.01,0.9,95.0,40,10000
647d3f81bf13ef8b3e14eb8b,2,51,20.294117647058822,64,0.01,0.9,95.0,40,10000
647d3f81bf13ef8b3e14eb8c,2,52,20.51923076923077,64,0.01,0.9,95.0,40,10000
647d3f81bf13ef8b3e14eb8d,2,53,20.30188679245283,64,0.01,0.9,95.0,40,10000
647d3f81bf13ef8b3e14eb8e,2,54,20.296296296296298,64,0.01,0.9,95.0,40,10000
647d3f81bf13ef8b3e14eb8f,2,55,20.654545454545456,64,0.01,0.9,95.0,40,10000
647d3f81bf13ef8b3e14eb90,2,56,20.696428571428573,64,0.01,0.9,95.0,40,10000
647d3f81bf13ef8b3e14eb91,2,57,21.12280701754386,64,0.01,0.9,95.0,40,10000
647d3f81bf13ef8b3e14eb92,2,58,21.24137931034483,64,0.01,0.9,95.0,40,10000
647d3f81bf13ef8b3e14eb93,2,59,21.16949152542373,64,0.01,0.9,95.0,40,10000
647d3f81bf13ef8b3e14eb94,2,60,21.083333333333332,64,0.01,0.9,95.0,40,10000
647d3f81bf13ef8b3e14eb95,2,61,21.34426229508197,64,0.01,0.9,95.0,40,10000
647d3f81bf13ef8b3e14eb96,2,62,21.322580645161292,64,0.01,0.9,95.0,40,10000
647d3f81bf13ef8b3e14eb97,2,63,21.142857142857142,64,0.01,0.9,95.0,40,10000
647d3f81bf13ef8b3e14eb98,2,64,21.109375,64,0.01,0.9,95.0,40,10000
647d3f81bf13ef8b3e14eb99,2,65,21.43076923076923,64,0.01,0.9,95.0,40,10000
647d3f81bf13ef8b3e14eb9a,2,66,21.303030303030305,64,0.01,0.9,95.0,40,10000
647d3f81bf13ef8b3e14eb9b,2,67,21.28358208955224,64,0.01,0.9,95.0,40,10000
647d3f81bf13ef8b3e14eb9c,2,68,21.176470588235293,64,0.01,0.9,95.0,40,10000
647d3f81bf13ef8b3e14eb9d,2,69,21.08695652173913,64,0.01,0.9,95.0,40,10000
647d3f81bf13ef8b3e14eb9e,2,70,21.014285714285716,64,0.01,0.9,95.0,40,10000
647d3f81bf13ef8b3e14eb9f,2,71,21.464788732394368,64,0.01,0.9,95.0,40,10000
647d3f81bf13ef8b3e14eba0,2,72,21.38888888888889,64,0.01,0.9,95.0,40,10000
647d3f81bf13ef8b3e14eba1,2,73,21.315068493150687,64,0.01,0.9,95.0,40,10000
647d3f81bf13ef8b3e14eba2,2,74,21.2027027027027,64,0.01,0.9,95.0,40,10000
647d3f81bf13ef8b3e14eba3,2,75,21.96,78,0.01,0.9,95.0,40,10000
647d3f81bf13ef8b3e14eba4,2,76,21.842105263157894,78,0.01,0.9,95.0,40,10000
647d3f81bf13ef8b3e14eba5,2,77,22.155844155844157,78,0.01,0.9,95.0,40,10000
647d3f81bf13ef8b3e14eba6,2,78,22.025641025641026,78,0.01,0.9,95.0,40,10000
647d3f81bf13ef8b3e14eba7,2,79,21.936708860759495,78,0.01,0.9,95.0,40,10000
647d3f81bf13ef8b3e14eba8,2,80,21.8625,78,0.01,0.9,95.0,40,10000
647d3f81bf13ef8b3e14eba9,2,81,21.80246913580247,78,0.01,0.9,95.0,40,10000
647d3f81bf13ef8b3e14ebaa,2,82,21.804878048780488,78,0.01,0.9,95.0,40,10000
647d3f81bf13ef8b3e14ebab,2,83,21.734939759036145,78,0.01,0.9,95.0,40,10000
647d3f81bf13ef8b3e14ebac,2,84,21.86904761904762,78,0.01,0.9,95.0,40,10000
647d3f81bf13ef8b3e14ebad,2,85,21.764705882352942,78,0.01,0.9,95.0,40,10000
647d3f81bf13ef8b3e14ebae,2,86,21.662790697674417,78,0.01,0.9,95.0,40,10000
647d3f81bf13ef8b3e14ebaf,2,87,22.183908045977013,78,0.01,0.9,95.0,40,10000
647d3f81bf13ef8b3e14ebb0,2,88,22.079545454545453,78,0.01,0.9,95.0,40,10000
647d3f81bf13ef8b3e14ebb1,2,89,22.02247191011236,78,0.01,0.9,95.0,40,10000
647d3f81bf13ef8b3e14ebb2,2,90,21.944444444444443,78,0.01,0.9,95.0,40,10000
647d3f81bf13ef8b3e14ebb3,2,91,21.802197802197803,78,0.01,0.9,95.0,40,10000
647d3f81bf13ef8b3e14ebb4,2,92,21.717391304347824,78,0.01,0.9,95.0,40,10000
647d3f81bf13ef8b3e14ebb5,2,93,21.70967741935484,78,0.01,0.9,95.0,40,10000
647d3f81bf13ef8b3e14ebb6,2,94,21.77659574468085,78,0.01,0.9,95.0,40,10000
647d3f81bf13ef8b3e14ebb7,2,95,21.68421052631579,78,0.01,0.9,95.0,40,10000
647d3f81bf13ef8b3e14ebb8,2,96,21.6875,78,0.01,0.9,95.0,40,10000
647d3f81bf13ef8b3e14ebb9,2,97,21.63917525773196,78,0.01,0.9,95.0,40,10000
647d3f81bf13ef8b3e14ebba,2,98,21.693877551020407,78,0.01,0.9,95.0,40,10000
647d3f81bf13ef8b3e14ebbb,2,99,21.7979797979798,78,0.01,0.9,95.0,40,10000
647d3f81bf13ef8b3e14ebbc,2,100,21.71,78,0.01,0.9,95.0,40,10000
647d43127c9f21da1269297c,3,1,10,10,0.01,0.9,90.0,40,10000
647d43127c9f21da1269297d,3,2,11,12,0.01,0.9,90.0,40,10000
647d43127c9f21da1269297e,3,3,21.666666666666668,43,0.01,0.9,90.0,40,10000
647d43127c9f21da1269297f,3,4,21,43,0.01,0.9,90.0,40,10000
647d43127c9f21da12692980,3,5,19.2,43,0.01,0.9,90.0,40,10000
647d43127c9f21da12692981,3,6,18.5,43,0.01,0.9,90.0,40,10000
647d43127c9f21da12692982,3,7,18.857142857142858,43,0.01,0.9,90.0,40,10000
647d43127c9f21da12692983,3,8,18.75,43,0.01,0.9,90.0,40,10000
647d43127c9f21da12692984,3,9,17.88888888888889,43,0.01,0.9,90.0,40,10000
647d43127c9f21da12692985,3,10,17.5,43,0.01,0.9,90.0,40,10000
647d43127c9f21da12692986,3,11,19.181818181818183,43,0.01,0.9,90.0,40,10000
647d43127c9f21da12692987,3,12,19.083333333333332,43,0.01,0.9,90.0,40,10000
647d43127c9f21da12692988,3,13,18.384615384615383,43,0.01,0.9,90.0,40,10000
647d43127c9f21da12692989,3,14,18.928571428571427,43,0.01,0.9,90.0,40,10000
647d43127c9f21da1269298a,3,15,19.133333333333333,43,0.01,0.9,90.0,40,10000
647d43127c9f21da1269298b,3,16,19.25,43,0.01,0.9,90.0,40,10000
647d43127c9f21da1269298c,3,17,19.529411764705884,43,0.01,0.9,90.0,40,10000
647d43127c9f21da1269298d,3,18,19.77777777777778,43,0.01,0.9,90.0,40,10000
647d43127c9f21da1269298e,3,19,19.736842105263158,43,0.01,0.9,90.0,40,10000
647d43127c9f21da1269298f,3,20,19.45,43,0.01,0.9,90.0,40,10000
647d43127c9f21da12692990,3,21,19.523809523809526,43,0.01,0.9,90.0,40,10000
647d43127c9f21da12692991,3,22,19.227272727272727,43,0.01,0.9,90.0,40,10000
647d43127c9f21da12692992,3,23,19.17391304347826,43,0.01,0.9,90.0,40,10000
647d43127c9f21da12692993,3,24,19.375,43,0.01,0.9,90.0,40,10000
647d43127c9f21da12692994,3,25,19.12,43,0.01,0.9,90.0,40,10000
647d43127c9f21da12692995,3,26,19.153846153846153,43,0.01,0.9,90.0,40,10000
647d43127c9f21da12692996,3,27,18.814814814814813,43,0.01,0.9,90.0,40,10000
647d43127c9f21da12692997,3,28,18.821428571428573,43,0.01,0.9,90.0,40,10000
647d43127c9f21da12692998,3,29,18.655172413793103,43,0.01,0.9,90.0,40,10000
647d43127c9f21da12692999,3,30,18.633333333333333,43,0.01,0.9,90.0,40,10000
647d43127c9f21da1269299a,3,31,18.612903225806452,43,0.01,0.9,90.0,40,10000
647d43127c9f21da1269299b,3,32,18.65625,43,0.01,0.9,90.0,40,10000
647d43127c9f21da1269299c,3,33,19.151515151515152,43,0.01,0.9,90.0,40,10000
647d43127c9f21da1269299d,3,34,19.147058823529413,43,0.01,0.9,90.0,40,10000
647d43127c9f21da1269299e,3,35,19.742857142857144,43,0.01,0.9,90.0,40,10000
647d43127c9f21da1269299f,3,36,19.555555555555557,43,0.01,0.9,90.0,40,10000
647d43127c9f21da126929a0,3,37,19.486486486486488,43,0.01,0.9,90.0,40,10000
647d43127c9f21da126929a1,3,38,19.605263157894736,43,0.01,0.9,90.0,40,10000
647d43127c9f21da126929a2,3,39,19.846153846153847,43,0.01,0.9,90.0,40,10000
647d43127c9f21da126929a3,3,40,19.625,43,0.01,0.9,90.0,40,10000
647d43127c9f21da126929a4,3,41,19.5609756097561,43,0.01,0.9,90.0,40,10000
647d43127c9f21da126929a5,3,42,19.642857142857142,43,0.01,0.9,90.0,40,10000
647d43127c9f21da126929a6,3,43,19.511627906976745,43,0.01,0.9,90.0,40,10000
647d43127c9f21da126929a7,3,44,19.5,43,0.01,0.9,90.0,40,10000
647d43127c9f21da126929a8,3,45,19.42222222222222,43,0.01,0.9,90.0,40,10000
647d43127c9f21da126929a9,3,46,19.32608695652174,43,0.01,0.9,90.0,40,10000
647d43127c9f21da126929aa,3,47,19.23404255319149,43,0.01,0.9,90.0,40,10000
647d43127c9f21da126929ab,3,48,19.354166666666668,43,0.01,0.9,90.0,40,10000
647d43127c9f21da126929ac,3,49,19.26530612244898,43,0.01,0.9,90.0,40,10000
647d43127c9f21da126929ad,3,50,19.3,43,0.01,0.9,90.0,40,10000
647d43127c9f21da126929ae,3,51,19.862745098039216,48,0.01,0.9,90.0,40,10000
647d43127c9f21da126929af,3,52,19.78846153846154,48,0.01,0.9,90.0,40,10000
647d43127c9f21da126929b0,3,53,19.660377358490567,48,0.01,0.9,90.0,40,10000
647d43127c9f21da126929b1,3,54,19.61111111111111,48,0.01,0.9,90.0,40,10000
647d43127c9f21da126929b2,3,55,20.2,52,0.01,0.9,90.0,40,10000
647d43127c9f21da126929b3,3,56,20.553571428571427,52,0.01,0.9,90.0,40,10000
647d43127c9f21da126929b4,3,57,20.68421052631579,52,0.01,0.9,90.0,40,10000
647d43127c9f21da126929b5,3,58,20.56896551724138,52,0.01,0.9,90.0,40,10000
647d43127c9f21da126929b6,3,59,20.440677966101696,52,0.01,0.9,90.0,40,10000
647d43127c9f21da126929b7,3,60,20.416666666666668,52,0.01,0.9,90.0,40,10000
647d43127c9f21da126929b8,3,61,20.311475409836067,52,0.01,0.9,90.0,40,10000
647d43127c9f21da126929b9,3,62,20.322580645161292,52,0.01,0.9,90.0,40,10000
647d43127c9f21da126929ba,3,63,20.238095238095237,52,0.01,0.9,90.0,40,10000
647d43127c9f21da126929bb,3,64,20.5,52,0.01,0.9,90.0,40,10000
647d43127c9f21da126929bc,3,65,20.353846153846153,52,0.01,0.9,90.0,40,10000
647d43127c9f21da126929bd,3,66,20.848484848484848,53,0.01,0.9,90.0,40,10000
647d43127c9f21da126929be,3,67,20.71641791044776,53,0.01,0.9,90.0,40,10000
647d43127c9f21da126929bf,3,68,20.602941176470587,53,0.01,0.9,90.0,40,10000
647d43127c9f21da126929c0,3,69,20.52173913043478,53,0.01,0.9,90.0,40,10000
647d43127c9f21da126929c1,3,70,20.614285714285714,53,0.01,0.9,90.0,40,10000
647d43127c9f21da126929c2,3,71,21.12676056338028,57,0.01,0.9,90.0,40,10000
647d43127c9f21da126929c3,3,72,21.444444444444443,57,0.01,0.9,90.0,40,10000
647d43127c9f21da126929c4,3,73,21.383561643835616,57,0.01,0.9,90.0,40,10000
647d43127c9f21da126929c5,3,74,21.256756756756758,57,0.01,0.9,90.0,40,10000
647d43127c9f21da126929c6,3,75,21.253333333333334,57,0.01,0.9,90.0,40,10000
647d43127c9f21da126929c7,3,76,21.513157894736842,57,0.01,0.9,90.0,40,10000
647d43127c9f21da126929c8,3,77,21.415584415584416,57,0.01,0.9,90.0,40,10000
647d43127c9f21da126929c9,3,78,21.371794871794872,57,0.01,0.9,90.0,40,10000
647d43127c9f21da126929ca,3,79,21.39240506329114,57,0.01,0.9,90.0,40,10000
647d43127c9f21da126929cb,3,80,21.6,57,0.01,0.9,90.0,40,10000
647d43127c9f21da126929cc,3,81,21.580246913580247,57,0.01,0.9,90.0,40,10000
647d43127c9f21da126929cd,3,82,21.48780487804878,57,0.01,0.9,90.0,40,10000
647d43127c9f21da126929ce,3,83,21.433734939759034,57,0.01,0.9,90.0,40,10000
647d43127c9f21da126929cf,3,84,21.666666666666668,57,0.01,0.9,90.0,40,10000
647d43127c9f21da126929d0,3,85,21.705882352941178,57,0.01,0.9,90.0,40,10000
647d43127c9f21da126929d1,3,86,21.732558139534884,57,0.01,0.9,90.0,40,10000
647d43127c9f21da126929d2,3,87,21.666666666666668,57,0.01,0.9,90.0,40,10000
647d43127c9f21da126929d3,3,88,21.727272727272727,57,0.01,0.9,90.0,40,10000
647d43127c9f21da126929d4,3,89,21.617977528089888,57,0.01,0.9,90.0,40,10000
647d43127c9f21da126929d5,3,90,22.58888888888889,109,0.01,0.9,90.0,40,10000
647d43127c9f21da126929d6,3,91,22.47252747252747,109,0.01,0.9,90.0,40,10000
647d43127c9f21da126929d7,3,92,22.41304347826087,109,0.01,0.9,90.0,40,10000
647d43127c9f21da126929d8,3,93,22.548387096774192,109,0.01,0.9,90.0,40,10000
647d43127c9f21da126929d9,3,94,22.5,109,0.01,0.9,90.0,40,10000
647d43127c9f21da126929da,3,95,22.473684210526315,109,0.01,0.9,90.0,40,10000
647d43127c9f21da126929db,3,96,22.4375,109,0.01,0.9,90.0,40,10000
647d43127c9f21da126929dc,3,97,22.391752577319586,109,0.01,0.9,90.0,40,10000
647d43127c9f21da126929dd,3,98,22.53061224489796,109,0.01,0.9,90.0,40,10000
647d43127c9f21da126929de,3,99,22.404040404040405,109,0.01,0.9,90.0,40,10000
647d43127c9f21da126929df,3,100,22.29,109,0.01,0.9,90.0,40,10000
647d4451198c3336b7fcc0ad,4,1,10,10,0.01,0.9,90.0,40,10000
647d4451198c3336b7fcc0ae,4,2,12,14,0.01,0.9,90.0,40,10000
647d4451198c3336b7fcc0af,4,3,13.666666666666666,17,0.01,0.9,90.0,40,10000
647d4451198c3336b7fcc0b0,4,4,16,23,0.01,0.9,90.0,40,10000
647d4451198c3336b7fcc0b1,4,5,18.8,30,0.01,0.9,90.0,40,10000
647d4451198c3336b7fcc0b2,4,6,19.5,30,0.01,0.9,90.0,40,10000
647d4451198c3336b7fcc0b3,4,7,18.428571428571427,30,0.01,0.9,90.0,40,10000
647d4451198c3336b7fcc0b4,4,8,18.25,30,0.01,0.9,90.0,40,10000
647d4451198c3336b7fcc0b5,4,9,18.88888888888889,30,0.01,0.9,90.0,40,10000
647d4451198c3336b7fcc0b6,4,10,20.7,37,0.01,0.9,90.0,40,10000
647d4451198c3336b7fcc0b7,4,11,22.727272727272727,43,0.01,0.9,90.0,40,10000
647d4451198c3336b7fcc0b8,4,12,21.833333333333332,43,0.01,0.9,90.0,40,10000
647d4451198c3336b7fcc0b9,4,13,22.46153846153846,43,0.01,0.9,90.0,40,10000
647d4451198c3336b7fcc0ba,4,14,21.785714285714285,43,0.01,0.9,90.0,40,10000
647d4451198c3336b7fcc0bb,4,15,21.2,43,0.01,0.9,90.0,40,10000
647d4451198c3336b7fcc0bc,4,16,20.6875,43,0.01,0.9,90.0,40,10000
647d4451198c3336b7fcc0bd,4,17,20.352941176470587,43,0.01,0.9,90.0,40,10000
647d4451198c3336b7fcc0be,4,18,21.61111111111111,43,0.01,0.9,90.0,40,10000
647d4451198c3336b7fcc0bf,4,19,21.736842105263158,43,0.01,0.9,90.0,40,10000
647d4451198c3336b7fcc0c0,4,20,21.45,43,0.01,0.9,90.0,40,10000
647d4451198c3336b7fcc0c1,4,21,21.476190476190474,43,0.01,0.9,90.0,40,10000
647d4451198c3336b7fcc0c2,4,22,21.045454545454547,43,0.01,0.9,90.0,40,10000
647d4451198c3336b7fcc0c3,4,23,20.82608695652174,43,0.01,0.9,90.0,40,10000
647d4451198c3336b7fcc0c4,4,24,20.833333333333332,43,0.01,0.9,90.0,40,10000
647d4451198c3336b7fcc0c5,4,25,20.52,43,0.01,0.9,90.0,40,10000
647d4451198c3336b7fcc0c6,4,26,20.307692307692307,43,0.01,0.9,90.0,40,10000
647d4451198c3336b7fcc0c7,4,27,20.185185185185187,43,0.01,0.9,90.0,40,10000
647d4451198c3336b7fcc0c8,4,28,21.142857142857142,47,0.01,0.9,90.0,40,10000
647d4451198c3336b7fcc0c9,4,29,20.93103448275862,47,0.01,0.9,90.0,40,10000
647d4451198c3336b7fcc0ca,4,30,20.833333333333332,47,0.01,0.9,90.0,40,10000
647d4451198c3336b7fcc0cb,4,31,20.580645161290324,47,0.01,0.9,90.0,40,10000
647d4451198c3336b7fcc0cc,4,32,20.3125,47,0.01,0.9,90.0,40,10000
647d4451198c3336b7fcc0cd,4,33,20.484848484848484,47,0.01,0.9,90.0,40,10000
647d4451198c3336b7fcc0ce,4,34,21.41176470588235,52,0.01,0.9,90.0,40,10000
647d4451198c3336b7fcc0cf,4,35,21.2,52,0.01,0.9,90.0,40,10000
647d4451198c3336b7fcc0d0,4,36,21.305555555555557,52,0.01,0.9,90.0,40,10000
647d4451198c3336b7fcc0d1,4,37,21.027027027027028,52,0.01,0.9,90.0,40,10000
647d4451198c3336b7fcc0d2,4,38,20.842105263157894,52,0.01,0.9,90.0,40,10000
647d4451198c3336b7fcc0d3,4,39,21.358974358974358,52,0.01,0.9,90.0,40,10000
647d4451198c3336b7fcc0d4,4,40,21.3,52,0.01,0.9,90.0,40,10000
647d4451198c3336b7fcc0d5,4,41,21,52,0.01,0.9,90.0,40,10000
647d4451198c3336b7fcc0d6,4,42,20.88095238095238,52,0.01,0.9,90.0,40,10000
647d4451198c3336b7fcc0d7,4,43,20.767441860465116,52,0.01,0.9,90.0,40,10000
647d4451198c3336b7fcc0d8,4,44,20.613636363636363,52,0.01,0.9,90.0,40,10000
647d4451198c3336b7fcc0d9,4,45,20.666666666666668,52,0.01,0.9,90.0,40,10000
647d4451198c3336b7fcc0da,4,46,20.47826086956522,52,0.01,0.9,90.0,40,10000
647d4451198c3336b7fcc0db,4,47,20.361702127659573,52,0.01,0.9,90.0,40,10000
647d4451198c3336b7fcc0dc,4,48,20.208333333333332,52,0.01,0.9,90.0,40,10000
647d4451198c3336b7fcc0dd,4,49,20.163265306122447,52,0.01,0.9,90.0,40,10000
647d4451198c3336b7fcc0de,4,50,20.32,52,0.01,0.9,90.0,40,10000
647d4451198c3336b7fcc0df,4,51,20.176470588235293,52,0.01,0.9,90.0,40,10000
647d4451198c3336b7fcc0e0,4,52,19.98076923076923,52,0.01,0.9,90.0,40,10000
647d4451198c3336b7fcc0e1,4,53,19.88679245283019,52,0.01,0.9,90.0,40,10000
647d4451198c3336b7fcc0e2,4,54,19.74074074074074,52,0.01,0.9,90.0,40,10000
647d4451198c3336b7fcc0e3,4,55,19.854545454545455,52,0.01,0.9,90.0,40,10000
647d4451198c3336b7fcc0e4,4,56,19.785714285714285,52,0.01,0.9,90.0,40,10000
647d4451198c3336b7fcc0e5,4,57,19.894736842105264,52,0.01,0.9,90.0,40,10000
647d4451198c3336b7fcc0e6,4,58,19.75862068965517,52,0.01,0.9,90.0,40,10000
647d4451198c3336b7fcc0e7,4,59,19.593220338983052,52,0.01,0.9,90.0,40,10000
647d4451198c3336b7fcc0e8,4,60,19.85,52,0.01,0.9,90.0,40,10000
647d4451198c3336b7fcc0e9,4,61,19.868852459016395,52,0.01,0.9,90.0,40,10000
647d4451198c3336b7fcc0ea,4,62,19.774193548387096,52,0.01,0.9,90.0,40,10000
647d4451198c3336b7fcc0eb,4,63,19.666666666666668,52,0.01,0.9,90.0,40,10000
647d4451198c3336b7fcc0ec,4,64,19.671875,52,0.01,0.9,90.0,40,10000
647d4451198c3336b7fcc0ed,4,65,19.646153846153847,52,0.01,0.9,90.0,40,10000
647d4451198c3336b7fcc0ee,4,66,19.772727272727273,52,0.01,0.9,90.0,40,10000
647d4451198c3336b7fcc0ef,4,67,19.71641791044776,52,0.01,0.9,90.0,40,10000
647d4451198c3336b7fcc0f0,4,68,20.205882352941178,53,0.01,0.9,90.0,40,10000
647d4451198c3336b7fcc0f1,4,69,20.231884057971016,53,0.01,0.9,90.0,40,10000
647d4451198c3336b7fcc0f2,4,70,20.15714285714286,53,0.01,0.9,90.0,40,10000
647d4451198c3336b7fcc0f3,4,71,20.35211267605634,53,0.01,0.9,90.0,40,10000
647d4451198c3336b7fcc0f4,4,72,20.72222222222222,53,0.01,0.9,90.0,40,10000
647d4451198c3336b7fcc0f5,4,73,20.65753424657534,53,0.01,0.9,90.0,40,10000
647d4451198c3336b7fcc0f6,4,74,20.83783783783784,53,0.01,0.9,90.0,40,10000
647d4451198c3336b7fcc0f7,4,75,20.8,53,0.01,0.9,90.0,40,10000
647d4451198c3336b7fcc0f8,4,76,20.710526315789473,53,0.01,0.9,90.0,40,10000
647d4451198c3336b7fcc0f9,4,77,20.7012987012987,53,0.01,0.9,90.0,40,10000
647d4451198c3336b7fcc0fa,4,78,21.03846153846154,53,0.01,0.9,90.0,40,10000
647d4451198c3336b7fcc0fb,4,79,21.29113924050633,53,0.01,0.9,90.0,40,10000
647d4451198c3336b7fcc0fc,4,80,21.15,53,0.01,0.9,90.0,40,10000
647d4451198c3336b7fcc0fd,4,81,21.506172839506174,53,0.01,0.9,90.0,40,10000
647d4451198c3336b7fcc0fe,4,82,21.353658536585368,53,0.01,0.9,90.0,40,10000
647d4451198c3336b7fcc0ff,4,83,21.253012048192772,53,0.01,0.9,90.0,40,10000
647d4451198c3336b7fcc100,4,84,21.452380952380953,53,0.01,0.9,90.0,40,10000
647d4451198c3336b7fcc101,4,85,21.564705882352943,53,0.01,0.9,90.0,40,10000
647d4451198c3336b7fcc102,4,86,21.5,53,0.01,0.9,90.0,40,10000
647d4451198c3336b7fcc103,4,87,21.436781609195403,53,0.01,0.9,90.0,40,10000
647d4451198c3336b7fcc104,4,88,21.397727272727273,53,0.01,0.9,90.0,40,10000
647d4451198c3336b7fcc105,4,89,21.730337078651687,53,0.01,0.9,90.0,40,10000
647d4451198c3336b7fcc106,4,90,21.655555555555555,53,0.01,0.9,90.0,40,10000
647d4451198c3336b7fcc107,4,91,21.604395604395606,53,0.01,0.9,90.0,40,10000
647d4451198c3336b7fcc108,4,92,21.858695652173914,53,0.01,0.9,90.0,40,10000
647d4451198c3336b7fcc109,4,93,21.774193548387096,53,0.01,0.9,90.0,40,10000
647d4451198c3336b7fcc10a,4,94,21.70212765957447,53,0.01,0.9,90.0,40,10000
647d4451198c3336b7fcc10b,4,95,21.621052631578948,53,0.01,0.9,90.0,40,10000
647d4451198c3336b7fcc10c,4,96,21.53125,53,0.01,0.9,90.0,40,10000
647d4451198c3336b7fcc10d,4,97,21.68041237113402,53,0.01,0.9,90.0,40,10000
647d4451198c3336b7fcc10e,4,98,21.8265306122449,53,0.01,0.9,90.0,40,10000
647d4451198c3336b7fcc10f,4,99,21.87878787878788,53,0.01,0.9,90.0,40,10000
647d4452198c3336b7fcc110,4,100,21.83,53,0.01,0.9,90.0,40,10000
647d6993d7cd68e7e47b7791,5,1,35,35,0.01,0.8,70.0,40,10000
647d6993d7cd68e7e47b7792,5,2,23,35,0.01,0.8,70.0,40,10000
647d6993d7cd68e7e47b7793,5,3,23,35,0.01,0.8,70.0,40,10000
647d6993d7cd68e7e47b7794,5,4,24,35,0.01,0.8,70.0,40,10000
647d6993d7cd68e7e47b7795,5,5,22.8,35,0.01,0.8,70.0,40,10000
647d6993d7cd68e7e47b7796,5,6,21.833333333333332,35,0.01,0.8,70.0,40,10000
647d6993d7cd68e7e47b7797,5,7,21.142857142857142,35,0.01,0.8,70.0,40,10000
647d6993d7cd68e7e47b7798,5,8,22.5,35,0.01,0.8,70.0,40,10000
647d6993d7cd68e7e47b7799,5,9,23.333333333333332,35,0.01,0.8,70.0,40,10000
647d6993d7cd68e7e47b779a,5,10,23.3,35,0.01,0.8,70.0,40,10000
647d6993d7cd68e7e47b779b,5,11,22.181818181818183,35,0.01,0.8,70.0,40,10000
647d6993d7cd68e7e47b779c,5,12,21.583333333333332,35,0.01,0.8,70.0,40,10000
647d6993d7cd68e7e47b779d,5,13,20.846153846153847,35,0.01,0.8,70.0,40,10000
647d6993d7cd68e7e47b779e,5,14,21.5,35,0.01,0.8,70.0,40,10000
647d6993d7cd68e7e47b779f,5,15,21.866666666666667,35,0.01,0.8,70.0,40,10000
647d6993d7cd68e7e47b77a0,5,16,21.25,35,0.01,0.8,70.0,40,10000
647d6993d7cd68e7e47b77a1,5,17,20.647058823529413,35,0.01,0.8,70.0,40,10000
647d6993d7cd68e7e47b77a2,5,18,21.72222222222222,40,0.01,0.8,70.0,40,10000
647d6993d7cd68e7e47b77a3,5,19,21.42105263157895,40,0.01,0.8,70.0,40,10000
647d6993d7cd68e7e47b77a4,5,20,20.95,40,0.01,0.8,70.0,40,10000
647d6993d7cd68e7e47b77a5,5,21,20.666666666666668,40,0.01,0.8,70.0,40,10000
647d6993d7cd68e7e47b77a6,5,22,20.181818181818183,40,0.01,0.8,70.0,40,10000
647d6993d7cd68e7e47b77a7,5,23,19.91304347826087,40,0.01,0.8,70.0,40,10000
647d6993d7cd68e7e47b77a8,5,24,19.666666666666668,40,0.01,0.8,70.0,40,10000
647d6993d7cd68e7e47b77a9,5,25,19.24,40,0.01,0.8,70.0,40,10000
647d6993d7cd68e7e47b77aa,5,26,18.96153846153846,40,0.01,0.8,70.0,40,10000
647d6993d7cd68e7e47b77ab,5,27,18.703703703703702,40,0.01,0.8,70.0,40,10000
647d6993d7cd68e7e47b77ac,5,28,19.107142857142858,40,0.01,0.8,70.0,40,10000
647d6993d7cd68e7e47b77ad,5,29,19.03448275862069,40,0.01,0.8,70.0,40,10000
647d6993d7cd68e7e47b77ae,5,30,18.966666666666665,40,0.01,0.8,70.0,40,10000
647d6993d7cd68e7e47b77af,5,31,18.838709677419356,40,0.01,0.8,70.0,40,10000
647d6993d7cd68e7e47b77b0,5,32,18.6875,40,0.01,0.8,70.0,40,10000
647d6993d7cd68e7e47b77b1,5,33,18.606060606060606,40,0.01,0.8,70.0,40,10000
647d6993d7cd68e7e47b77b2,5,34,18.441176470588236,40,0.01,0.8,70.0,40,10000
647d6993d7cd68e7e47b77b3,5,35,18.714285714285715,40,0.01,0.8,70.0,40,10000
647d6993d7cd68e7e47b77b4,5,36,18.47222222222222,40,0.01,0.8,70.0,40,10000
647d6993d7cd68e7e47b77b5,5,37,18.486486486486488,40,0.01,0.8,70.0,40,10000
647d6993d7cd68e7e47b77b6,5,38,18.57894736842105,40,0.01,0.8,70.0,40,10000
647d6993d7cd68e7e47b77b7,5,39,18.692307692307693,40,0.01,0.8,70.0,40,10000
647d6993d7cd68e7e47b77b8,5,40,19.175,40,0.01,0.8,70.0,40,10000
647d6993d7cd68e7e47b77b9,5,41,19.073170731707318,40,0.01,0.8,70.0,40,10000
647d6993d7cd68e7e47b77ba,5,42,18.928571428571427,40,0.01,0.8,70.0,40,10000
647d6993d7cd68e7e47b77bb,5,43,20,65,0.01,0.8,70.0,40,10000
647d6993d7cd68e7e47b77bc,5,44,19.886363636363637,65,0.01,0.8,70.0,40,10000
647d6993d7cd68e7e47b77bd,5,45,19.866666666666667,65,0.01,0.8,70.0,40,10000
647d6993d7cd68e7e47b77be,5,46,19.630434782608695,65,0.01,0.8,70.0,40,10000
647d6993d7cd68e7e47b77bf,5,47,19.46808510638298,65,0.01,0.8,70.0,40,10000
647d6993d7cd68e7e47b77c0,5,48,19.291666666666668,65,0.01,0.8,70.0,40,10000
647d6993d7cd68e7e47b77c1,5,49,19.183673469387756,65,0.01,0.8,70.0,40,10000
647d6993d7cd68e7e47b77c2,5,50,19.02,65,0.01,0.8,70.0,40,10000
647d6993d7cd68e7e47b77c3,5,51,18.901960784313726,65,0.01,0.8,70.0,40,10000
647d6993d7cd68e7e47b77c4,5,52,18.826923076923077,65,0.01,0.8,70.0,40,10000
647d6993d7cd68e7e47b77c5,5,53,18.71698113207547,65,0.01,0.8,70.0,40,10000
647d6993d7cd68e7e47b77c6,5,54,18.59259259259259,65,0.01,0.8,70.0,40,10000
647d6993d7cd68e7e47b77c7,5,55,18.509090909090908,65,0.01,0.8,70.0,40,10000
647d6993d7cd68e7e47b77c8,5,56,18.392857142857142,65,0.01,0.8,70.0,40,10000
647d6993d7cd68e7e47b77c9,5,57,18.24561403508772,65,0.01,0.8,70.0,40,10000
647d6993d7cd68e7e47b77ca,5,58,18.517241379310345,65,0.01,0.8,70.0,40,10000
647d6993d7cd68e7e47b77cb,5,59,18.576271186440678,65,0.01,0.8,70.0,40,10000
647d6993d7cd68e7e47b77cc,5,60,18.4,65,0.01,0.8,70.0,40,10000
647d6993d7cd68e7e47b77cd,5,61,18.639344262295083,65,0.01,0.8,70.0,40,10000
647d6993d7cd68e7e47b77ce,5,62,18.532258064516128,65,0.01,0.8,70.0,40,10000
647d6993d7cd68e7e47b77cf,5,63,18.952380952380953,65,0.01,0.8,70.0,40,10000
647d6993d7cd68e7e47b77d0,5,64,18.828125,65,0.01,0.8,70.0,40,10000
647d6993d7cd68e7e47b77d1,5,65,18.70769230769231,65,0.01,0.8,70.0,40,10000
647d6993d7cd68e7e47b77d2,5,66,18.727272727272727,65,0.01,0.8,70.0,40,10000
647d6993d7cd68e7e47b77d3,5,67,18.65671641791045,65,0.01,0.8,70.0,40,10000
647d6993d7cd68e7e47b77d4,5,68,18.691176470588236,65,0.01,0.8,70.0,40,10000
647d6993d7cd68e7e47b77d5,5,69,18.608695652173914,65,0.01,0.8,70.0,40,10000
647d6993d7cd68e7e47b77d6,5,70,18.8,65,0.01,0.8,70.0,40,10000
647d6993d7cd68e7e47b77d7,5,71,18.95774647887324,65,0.01,0.8,70.0,40,10000
647d6993d7cd68e7e47b77d8,5,72,19.083333333333332,65,0.01,0.8,70.0,40,10000
647d6993d7cd68e7e47b77d9,5,73,18.958904109589042,65,0.01,0.8,70.0,40,10000
647d6993d7cd68e7e47b77da,5,74,18.93243243243243,65,0.01,0.8,70.0,40,10000
647d6993d7cd68e7e47b77db,5,75,18.893333333333334,65,0.01,0.8,70.0,40,10000
647d6993d7cd68e7e47b77dc,5,76,18.82894736842105,65,0.01,0.8,70.0,40,10000
647d6993d7cd68e7e47b77dd,5,77,18.727272727272727,65,0.01,0.8,70.0,40,10000
647d6993d7cd68e7e47b77de,5,78,18.653846153846153,65,0.01,0.8,70.0,40,10000
647d6993d7cd68e7e47b77df,5,79,18.556962025316455,65,0.01,0.8,70.0,40,10000
647d6993d7cd68e7e47b77e0,5,80,18.5,65,0.01,0.8,70.0,40,10000
647d6993d7cd68e7e47b77e1,5,81,18.839506172839506,65,0.01,0.8,70.0,40,10000
647d6993d7cd68e7e47b77e2,5,82,18.79268292682927,65,0.01,0.8,70.0,40,10000
647d6993d7cd68e7e47b77e3,5,83,19.240963855421686,65,0.01,0.8,70.0,40,10000
647d6993d7cd68e7e47b77e4,5,84,19.297619047619047,65,0.01,0.8,70.0,40,10000
647d6993d7cd68e7e47b77e5,5,85,19.270588235294117,65,0.01,0.8,70.0,40,10000
647d6993d7cd68e7e47b77e6,5,86,19.22093023255814,65,0.01,0.8,70.0,40,10000
647d6993d7cd68e7e47b77e7,5,87,19.149425287356323,65,0.01,0.8,70.0,40,10000
647d6993d7cd68e7e47b77e8,5,88,19.147727272727273,65,0.01,0.8,70.0,40,10000
647d6993d7cd68e7e47b77e9,5,89,19.370786516853933,65,0.01,0.8,70.0,40,10000
647d6993d7cd68e7e47b77ea,5,90,19.3,65,0.01,0.8,70.0,40,10000
647d6993d7cd68e7e47b77eb,5,91,19.318681318681318,65,0.01,0.8,70.0,40,10000
647d6993d7cd68e7e47b77ec,5,92,19.293478260869566,65,0.01,0.8,70.0,40,10000
647d6993d7cd68e7e47b77ed,5,93,19.258064516129032,65,0.01,0.8,70.0,40,10000
647d6993d7cd68e7e47b77ee,5,94,19.26595744680851,65,0.01,0.8,70.0,40,10000
647d6993d7cd68e7e47b77ef,5,95,19.2,65,0.01,0.8,70.0,40,10000
647d6993d7cd68e7e47b77f0,5,96,19.15625,65,0.01,0.8,70.0,40,10000
647d6993d7cd68e7e47b77f1,5,97,19.144329896907216,65,0.01,0.8,70.0,40,10000
647d6993d7cd68e7e47b77f2,5,98,19.06122448979592,65,0.01,0.8,70.0,40,10000
647d6993d7cd68e7e47b77f3,5,99,18.97979797979798,65,0.01,0.8,70.0,40,10000
647d6993d7cd68e7e47b77f4,5,100,18.94,65,0.01,0.8,70.0,40,10000
647d6993d7cd68e7e47b77f5,5,101,18.98,65,0.01,0.8,70.0,40,10000
647d6993d7cd68e7e47b77f6,5,102,19.01,65,0.01,0.8,70.0,40,10000
647d6993d7cd68e7e47b77f7,5,103,18.98,65,0.01,0.8,70.0,40,10000
647d6993d7cd68e7e47b77f8,5,104,18.83,65,0.01,0.8,70.0,40,10000
647d6993d7cd68e7e47b77f9,5,105,18.83,65,0.01,0.8,70.0,40,10000
647d6993d7cd68e7e47b77fa,5,106,18.86,65,0.01,0.8,70.0,40,10000
647d6993d7cd68e7e47b77fb,5,107,18.87,65,0.01,0.8,70.0,40,10000
647d6993d7cd68e7e47b77fc,5,108,18.66,65,0.01,0.8,70.0,40,10000
647d6993d7cd68e7e47b77fd,5,109,18.64,65,0.01,0.8,70.0,40,10000
647d6993d7cd68e7e47b77fe,5,110,18.72,65,0.01,0.8,70.0,40,10000
647d6993d7cd68e7e47b77ff,5,111,18.71,65,0.01,0.8,70.0,40,10000
647d6993d7cd68e7e47b7800,5,112,18.71,65,0.01,0.8,70.0,40,10000
647d6993d7cd68e7e47b7801,5,113,18.71,65,0.01,0.8,70.0,40,10000
647d6993d7cd68e7e47b7802,5,114,18.55,65,0.01,0.8,70.0,40,10000
647d6993d7cd68e7e47b7803,5,115,18.4,65,0.01,0.8,70.0,40,10000
647d6993d7cd68e7e47b7804,5,116,18.74,65,0.01,0.8,70.0,40,10000
647d6993d7cd68e7e47b7805,5,117,18.75,65,0.01,0.8,70.0,40,10000
647d6993d7cd68e7e47b7806,5,118,18.63,65,0.01,0.8,70.0,40,10000
647d6993d7cd68e7e47b7807,5,119,18.6,65,0.01,0.8,70.0,40,10000
647d6993d7cd68e7e47b7808,5,120,18.69,65,0.01,0.8,70.0,40,10000
647d6993d7cd68e7e47b7809,5,121,18.68,65,0.01,0.8,70.0,40,10000
647d6993d7cd68e7e47b780a,5,122,18.79,65,0.01,0.8,70.0,40,10000
647d6993d7cd68e7e47b780b,5,123,18.77,65,0.01,0.8,70.0,40,10000
647d6993d7cd68e7e47b780c,5,124,18.78,65,0.01,0.8,70.0,40,10000
647d6993d7cd68e7e47b780d,5,125,18.83,65,0.01,0.8,70.0,40,10000
647d6993d7cd68e7e47b780e,5,126,18.85,65,0.01,0.8,70.0,40,10000
647d6993d7cd68e7e47b780f,5,127,18.83,65,0.01,0.8,70.0,40,10000
647d6993d7cd68e7e47b7810,5,128,18.7,65,0.01,0.8,70.0,40,10000
647d6993d7cd68e7e47b7811,5,129,18.75,65,0.01,0.8,70.0,40,10000
647d6993d7cd68e7e47b7812,5,130,18.76,65,0.01,0.8,70.0,40,10000
647d6993d7cd68e7e47b7813,5,131,18.73,65,0.01,0.8,70.0,40,10000
647d6993d7cd68e7e47b7814,5,132,18.74,65,0.01,0.8,70.0,40,10000
647d6993d7cd68e7e47b7815,5,133,18.83,65,0.01,0.8,70.0,40,10000
647d6993d7cd68e7e47b7816,5,134,18.82,65,0.01,0.8,70.0,40,10000
647d6993d7cd68e7e47b7817,5,135,18.76,65,0.01,0.8,70.0,40,10000
647d6993d7cd68e7e47b7818,5,136,19.23,65,0.01,0.8,70.0,40,10000
647d6993d7cd68e7e47b7819,5,137,19.18,65,0.01,0.8,70.0,40,10000
647d6993d7cd68e7e47b781a,5,138,19.2,65,0.01,0.8,70.0,40,10000
647d6993d7cd68e7e47b781b,5,139,19.2,65,0.01,0.8,70.0,40,10000
647d6993d7cd68e7e47b781c,5,140,18.98,65,0.01,0.8,70.0,40,10000
647d6993d7cd68e7e47b781d,5,141,18.94,65,0.01,0.8,70.0,40,10000
647d6993d7cd68e7e47b781e,5,142,19.17,65,0.01,0.8,70.0,40,10000
647d6993d7cd68e7e47b781f,5,143,18.77,57,0.01,0.8,70.0,40,10000
647d6993d7cd68e7e47b7820,5,144,18.7,57,0.01,0.8,70.0,40,10000
647d6993d7cd68e7e47b7821,5,145,18.63,57,0.01,0.8,70.0,40,10000
647d6993d7cd68e7e47b7822,5,146,18.75,57,0.01,0.8,70.0,40,10000
647d6993d7cd68e7e47b7823,5,147,18.83,57,0.01,0.8,70.0,40,10000
647d6993d7cd68e7e47b7824,5,148,19,57,0.01,0.8,70.0,40,10000
647d6993d7cd68e7e47b7825,5,149,19.07,57,0.01,0.8,70.0,40,10000
647d6993d7cd68e7e47b7826,5,150,19.11,57,0.01,0.8,70.0,40,10000
647d6993d7cd68e7e47b7827,5,151,19.11,57,0.01,0.8,70.0,40,10000
647d6993d7cd68e7e47b7828,5,152,19.16,57,0.01,0.8,70.0,40,10000
647d6993d7cd68e7e47b7829,5,153,19.13,57,0.01,0.8,70.0,40,10000
647d6993d7cd68e7e47b782a,5,154,19.22,57,0.01,0.8,70.0,40,10000
647d6993d7cd68e7e47b782b,5,155,19.2,57,0.01,0.8,70.0,40,10000
647d6993d7cd68e7e47b782c,5,156,19.21,57,0.01,0.8,70.0,40,10000
647d6993d7cd68e7e47b782d,5,157,19.25,57,0.01,0.8,70.0,40,10000
647d6993d7cd68e7e47b782e,5,158,19.03,57,0.01,0.8,70.0,40,10000
647d6993d7cd68e7e47b782f,5,159,18.94,57,0.01,0.8,70.0,40,10000
647d6993d7cd68e7e47b7830,5,160,19.01,57,0.01,0.8,70.0,40,10000
647d6993d7cd68e7e47b7831,5,161,18.84,57,0.01,0.8,70.0,40,10000
647d6993d7cd68e7e47b7832,5,162,18.81,57,0.01,0.8,70.0,40,10000
647d6993d7cd68e7e47b7833,5,163,18.47,57,0.01,0.8,70.0,40,10000
647d6993d7cd68e7e47b7834,5,164,18.49,57,0.01,0.8,70.0,40,10000
647d6993d7cd68e7e47b7835,5,165,18.55,57,0.01,0.8,70.0,40,10000
647d6993d7cd68e7e47b7836,5,166,18.6,57,0.01,0.8,70.0,40,10000
647d6993d7cd68e7e47b7837,5,167,18.57,57,0.01,0.8,70.0,40,10000
647d6993d7cd68e7e47b7838,5,168,18.48,57,0.01,0.8,70.0,40,10000
647d6993d7cd68e7e47b7839,5,169,18.48,57,0.01,0.8,70.0,40,10000
647d6993d7cd68e7e47b783a,5,170,18.33,57,0.01,0.8,70.0,40,10000
647d6993d7cd68e7e47b783b,5,171,18.16,57,0.01,0.8,70.0,40,10000
647d6993d7cd68e7e47b783c,5,172,17.98,57,0.01,0.8,70.0,40,10000
647d6993d7cd68e7e47b783d,5,173,18.1,57,0.01,0.8,70.0,40,10000
647d6993d7cd68e7e47b783e,5,174,18.09,57,0.01,0.8,70.0,40,10000
647d6993d7cd68e7e47b783f,5,175,18.12,57,0.01,0.8,70.0,40,10000
647d6993d7cd68e7e47b7840,5,176,18.15,57,0.01,0.8,70.0,40,10000
647d6993d7cd68e7e47b7841,5,177,18.22,57,0.01,0.8,70.0,40,10000
647d6993d7cd68e7e47b7842,5,178,18.39,57,0.01,0.8,70.0,40,10000
647d6993d7cd68e7e47b7843,5,179,18.52,57,0.01,0.8,70.0,40,10000
647d6993d7cd68e7e47b7844,5,180,18.61,57,0.01,0.8,70.0,40,10000
647d6993d7cd68e7e47b7845,5,181,18.4,57,0.01,0.8,70.0,40,10000
647d6993d7cd68e7e47b7846,5,182,18.72,57,0.01,0.8,70.0,40,10000
647d6993d7cd68e7e47b7847,5,183,18.26,57,0.01,0.8,70.0,40,10000
647d6993d7cd68e7e47b7848,5,184,18.15,57,0.01,0.8,70.0,40,10000
647d6993d7cd68e7e47b7849,5,185,18.1,57,0.01,0.8,70.0,40,10000
647d6993d7cd68e7e47b784a,5,186,18.04,57,0.01,0.8,70.0,40,10000
647d6993d7cd68e7e47b784b,5,187,18.06,57,0.01,0.8,70.0,40,10000
647d6993d7cd68e7e47b784c,5,188,18.12,57,0.01,0.8,70.0,40,10000
647d6993d7cd68e7e47b784d,5,189,18.08,57,0.01,0.8,70.0,40,10000
647d6993d7cd68e7e47b784e,5,190,18.06,57,0.01,0.8,70.0,40,10000
647d6993d7cd68e7e47b784f,5,191,18.02,57,0.01,0.8,70.0,40,10000
647d6993d7cd68e7e47b7850,5,192,18.02,57,0.01,0.8,70.0,40,10000
647d6993d7cd68e7e47b7851,5,193,17.98,57,0.01,0.8,70.0,40,10000
647d6993d7cd68e7e47b7852,5,194,17.93,57,0.01,0.8,70.0,40,10000
647d6993d7cd68e7e47b7853,5,195,17.98,57,0.01,0.8,70.0,40,10000
647d6993d7cd68e7e47b7854,5,196,17.98,57,0.01,0.8,70.0,40,10000
647d6993d7cd68e7e47b7855,5,197,17.94,57,0.01,0.8,70.0,40,10000
647d6993d7cd68e7e47b7856,5,198,18.03,57,0.01,0.8,70.0,40,10000
647d6993d7cd68e7e47b7857,5,199,18.08,57,0.01,0.8,70.0,40,10000
647d6993d7cd68e7e47b7858,5,200,18.05,57,0.01,0.8,70.0,40,10000
647d6993d7cd68e7e47b7859,5,201,17.82,57,0.01,0.8,70.0,40,10000
647d6993d7cd68e7e47b785a,5,202,17.81,57,0.01,0.8,70.0,40,10000
647d6993d7cd68e7e47b785b,5,203,17.8,57,0.01,0.8,70.0,40,10000
647d6993d7cd68e7e47b785c,5,204,17.83,57,0.01,0.8,70.0,40,10000
647d6993d7cd68e7e47b785d,5,205,17.76,57,0.01,0.8,70.0,40,10000
647d6993d7cd68e7e47b785e,5,206,17.69,57,0.01,0.8,70.0,40,10000
647d6993d7cd68e7e47b785f,5,207,17.68,57,0.01,0.8,70.0,40,10000
647d6993d7cd68e7e47b7860,5,208,17.68,57,0.01,0.8,70.0,40,10000
647d6993d7cd68e7e47b7861,5,209,17.59,57,0.01,0.8,70.0,40,10000
647d6993d7cd68e7e47b7862,5,210,17.55,57,0.01,0.8,70.0,40,10000
647d6993d7cd68e7e47b7863,5,211,17.59,57,0.01,0.8,70.0,40,10000
647d6993d7cd68e7e47b7864,5,212,17.56,57,0.01,0.8,70.0,40,10000
647d6993d7cd68e7e47b7865,5,213,17.58,57,0.01,0.8,70.0,40,10000
647d6993d7cd68e7e47b7866,5,214,17.56,57,0.01,0.8,70.0,40,10000
647d6993d7cd68e7e47b7867,5,215,17.59,57,0.01,0.8,70.0,40,10000
647d6993d7cd68e7e47b7868,5,216,17.25,57,0.01,0.8,70.0,40,10000
647d6993d7cd68e7e47b7869,5,217,17.23,57,0.01,0.8,70.0,40,10000
647d6993d7cd68e7e47b786a,5,218,17.07,57,0.01,0.8,70.0,40,10000
647d6993d7cd68e7e47b786b,5,219,17.23,57,0.01,0.8,70.0,40,10000
647d6993d7cd68e7e47b786c,5,220,17.11,57,0.01,0.8,70.0,40,10000
647d6993d7cd68e7e47b786d,5,221,17.07,57,0.01,0.8,70.0,40,10000
647d6993d7cd68e7e47b786e,5,222,16.97,57,0.01,0.8,70.0,40,10000
647d6993d7cd68e7e47b786f,5,223,16.95,57,0.01,0.8,70.0,40,10000
647d6993d7cd68e7e47b7870,5,224,16.93,57,0.01,0.8,70.0,40,10000
647d6993d7cd68e7e47b7871,5,225,16.96,57,0.01,0.8,70.0,40,10000
647d6993d7cd68e7e47b7872,5,226,16.98,57,0.01,0.8,70.0,40,10000
647d6993d7cd68e7e47b7873,5,227,17.07,57,0.01,0.8,70.0,40,10000
647d6993d7cd68e7e47b7874,5,228,17.02,57,0.01,0.8,70.0,40,10000
647d6993d7cd68e7e47b7875,5,229,16.98,57,0.01,0.8,70.0,40,10000
647d6993d7cd68e7e47b7876,5,230,17.37,57,0.01,0.8,70.0,40,10000
647d6993d7cd68e7e47b7877,5,231,17.65,57,0.01,0.8,70.0,40,10000
647d6993d7cd68e7e47b7878,5,232,17.6,57,0.01,0.8,70.0,40,10000
647d6993d7cd68e7e47b7879,5,233,17.47,57,0.01,0.8,70.0,40,10000
647d6993d7cd68e7e47b787a,5,234,17.46,57,0.01,0.8,70.0,40,10000
647d6993d7cd68e7e47b787b,5,235,17.44,57,0.01,0.8,70.0,40,10000
647d6993d7cd68e7e47b787c,5,236,17.1,57,0.01,0.8,70.0,40,10000
647d6993d7cd68e7e47b787d,5,237,17.25,57,0.01,0.8,70.0,40,10000
647d6993d7cd68e7e47b787e,5,238,17.18,57,0.01,0.8,70.0,40,10000
647d6993d7cd68e7e47b787f,5,239,17.11,57,0.01,0.8,70.0,40,10000
647d6993d7cd68e7e47b7880,5,240,17.16,57,0.01,0.8,70.0,40,10000
647d6993d7cd68e7e47b7881,5,241,17.15,57,0.01,0.8,70.0,40,10000
647d6993d7cd68e7e47b7882,5,242,16.96,57,0.01,0.8,70.0,40,10000
647d6993d7cd68e7e47b7883,5,243,16.86,57,0.01,0.8,70.0,40,10000
647d6993d7cd68e7e47b7884,5,244,17.17,57,0.01,0.8,70.0,40,10000
647d6993d7cd68e7e47b7885,5,245,17.2,57,0.01,0.8,70.0,40,10000
647d6993d7cd68e7e47b7886,5,246,17.09,57,0.01,0.8,70.0,40,10000
647d6993d7cd68e7e47b7887,5,247,17.28,57,0.01,0.8,70.0,40,10000
647d6993d7cd68e7e47b7888,5,248,17.2,57,0.01,0.8,70.0,40,10000
647d6993d7cd68e7e47b7889,5,249,17.14,57,0.01,0.8,70.0,40,10000
647d6993d7cd68e7e47b788a,5,250,17.09,57,0.01,0.8,70.0,40,10000
647d6993d7cd68e7e47b788b,5,251,17.1,57,0.01,0.8,70.0,40,10000
647d6993d7cd68e7e47b788c,5,252,17.04,57,0.01,0.8,70.0,40,10000
647d6993d7cd68e7e47b788d,5,253,17.25,57,0.01,0.8,70.0,40,10000
647d6993d7cd68e7e47b788e,5,254,17.42,57,0.01,0.8,70.0,40,10000
647d6993d7cd68e7e47b788f,5,255,17.42,57,0.01,0.8,70.0,40,10000
647d6993d7cd68e7e47b7890,5,256,17.41,57,0.01,0.8,70.0,40,10000
647d6993d7cd68e7e47b7891,5,257,17.4,57,0.01,0.8,70.0,40,10000
647d6993d7cd68e7e47b7892,5,258,17.38,57,0.01,0.8,70.0,40,10000
647d6993d7cd68e7e47b7893,5,259,17.46,57,0.01,0.8,70.0,40,10000
647d6993d7cd68e7e47b7894,5,260,17.46,57,0.01,0.8,70.0,40,10000
647d6993d7cd68e7e47b7895,5,261,17.39,57,0.01,0.8,70.0,40,10000
647d6993d7cd68e7e47b7896,5,262,17.49,57,0.01,0.8,70.0,40,10000
647d6993d7cd68e7e47b7897,5,263,17.58,57,0.01,0.8,70.0,40,10000
647d6993d7cd68e7e47b7898,5,264,17.72,57,0.01,0.8,70.0,40,10000
647d6993d7cd68e7e47b7899,5,265,17.7,57,0.01,0.8,70.0,40,10000
647d6993d7cd68e7e47b789a,5,266,17.94,57,0.01,0.8,70.0,40,10000
647d6993d7cd68e7e47b789b,5,267,18.08,57,0.01,0.8,70.0,40,10000
647d6993d7cd68e7e47b789c,5,268,18.1,57,0.01,0.8,70.0,40,10000
647d6993d7cd68e7e47b789d,5,269,18.06,57,0.01,0.8,70.0,40,10000
647d6993d7cd68e7e47b789e,5,270,18.01,57,0.01,0.8,70.0,40,10000
647d6993d7cd68e7e47b789f,5,271,18.02,57,0.01,0.8,70.0,40,10000
647d6993d7cd68e7e47b78a0,5,272,18.05,57,0.01,0.8,70.0,40,10000
647d6993d7cd68e7e47b78a1,5,273,17.95,57,0.01,0.8,70.0,40,10000
647d6993d7cd68e7e47b78a2,5,274,17.93,57,0.01,0.8,70.0,40,10000
647d6993d7cd68e7e47b78a3,5,275,17.91,57,0.01,0.8,70.0,40,10000
647d6993d7cd68e7e47b78a4,5,276,17.92,57,0.01,0.8,70.0,40,10000
647d6993d7cd68e7e47b78a5,5,277,17.91,57,0.01,0.8,70.0,40,10000
647d6993d7cd68e7e47b78a6,5,278,17.73,57,0.01,0.8,70.0,40,10000
647d6993d7cd68e7e47b78a7,5,279,17.72,57,0.01,0.8,70.0,40,10000
647d6993d7cd68e7e47b78a8,5,280,17.97,57,0.01,0.8,70.0,40,10000
647d6993d7cd68e7e47b78a9,5,281,17.86,57,0.01,0.8,70.0,40,10000
647d6993d7cd68e7e47b78aa,5,282,17.64,57,0.01,0.8,70.0,40,10000
647d6993d7cd68e7e47b78ab,5,283,17.69,57,0.01,0.8,70.0,40,10000
647d6993d7cd68e7e47b78ac,5,284,17.67,57,0.01,0.8,70.0,40,10000
647d6993d7cd68e7e47b78ad,5,285,17.75,57,0.01,0.8,70.0,40,10000
647d6993d7cd68e7e47b78ae,5,286,17.95,57,0.01,0.8,70.0,40,10000
647d6993d7cd68e7e47b78af,5,287,17.92,57,0.01,0.8,70.0,40,10000
647d6993d7cd68e7e47b78b0,5,288,17.87,57,0.01,0.8,70.0,40,10000
647d6993d7cd68e7e47b78b1,5,289,17.71,57,0.01,0.8,70.0,40,10000
647d6993d7cd68e7e47b78b2,5,290,17.71,57,0.01,0.8,70.0,40,10000
647d6993d7cd68e7e47b78b3,5,291,17.66,57,0.01,0.8,70.0,40,10000
647d6993d7cd68e7e47b78b4,5,292,17.83,57,0.01,0.8,70.0,40,10000
647d6993d7cd68e7e47b78b5,5,293,17.84,57,0.01,0.8,70.0,40,10000
647d6993d7cd68e7e47b78b6,5,294,17.84,57,0.01,0.8,70.0,40,10000
647d6993d7cd68e7e47b78b7,5,295,17.85,57,0.01,0.8,70.0,40,10000
647d6993d7cd68e7e47b78b8,5,296,17.81,57,0.01,0.8,70.0,40,10000
647d6993d7cd68e7e47b78b9,5,297,17.89,57,0.01,0.8,70.0,40,10000
647d6993d7cd68e7e47b78ba,5,298,17.8,57,0.01,0.8,70.0,40,10000
647d6993d7cd68e7e47b78bb,5,299,17.8,57,0.01,0.8,70.0,40,10000
647d6993d7cd68e7e47b78bc,5,300,18.01,57,0.01,0.8,70.0,40,10000
647d6993d7cd68e7e47b78bd,5,301,18.01,57,0.01,0.8,70.0,40,10000
647d6993d7cd68e7e47b78be,5,302,18.05,57,0.01,0.8,70.0,40,10000
647d6993d7cd68e7e47b78bf,5,303,17.97,57,0.01,0.8,70.0,40,10000
647d6993d7cd68e7e47b78c0,5,304,17.95,57,0.01,0.8,70.0,40,10000
647d6993d7cd68e7e47b78c1,5,305,18.12,57,0.01,0.8,70.0,40,10000
647d6993d7cd68e7e47b78c2,5,306,18.11,57,0.01,0.8,70.0,40,10000
647d6993d7cd68e7e47b78c3,5,307,18.05,57,0.01,0.8,70.0,40,10000
647d6993d7cd68e7e47b78c4,5,308,18.09,57,0.01,0.8,70.0,40,10000
647d6993d7cd68e7e47b78c5,5,309,18.11,57,0.01,0.8,70.0,40,10000
647d6993d7cd68e7e47b78c6,5,310,18.03,57,0.01,0.8,70.0,40,10000
647d6993d7cd68e7e47b78c7,5,311,17.98,57,0.01,0.8,70.0,40,10000
647d6993d7cd68e7e47b78c8,5,312,17.97,57,0.01,0.8,70.0,40,10000
647d6993d7cd68e7e47b78c9,5,313,17.95,57,0.01,0.8,70.0,40,10000
647d6993d7cd68e7e47b78ca,5,314,18.1,57,0.01,0.8,70.0,40,10000
647d6993d7cd68e7e47b78cb,5,315,18.11,57,0.01,0.8,70.0,40,10000
647d6993d7cd68e7e47b78cc,5,316,18.14,57,0.01,0.8,70.0,40,10000
647d6993d7cd68e7e47b78cd,5,317,18.42,57,0.01,0.8,70.0,40,10000
647d6993d7cd68e7e47b78ce,5,318,18.55,57,0.01,0.8,70.0,40,10000
647d6993d7cd68e7e47b78cf,5,319,18.49,57,0.01,0.8,70.0,40,10000
647d6993d7cd68e7e47b78d0,5,320,18.54,57,0.01,0.8,70.0,40,10000
647d6993d7cd68e7e47b78d1,5,321,18.57,57,0.01,0.8,70.0,40,10000
647d6993d7cd68e7e47b78d2,5,322,18.57,57,0.01,0.8,70.0,40,10000
647d6993d7cd68e7e47b78d3,5,323,18.59,57,0.01,0.8,70.0,40,10000
647d6993d7cd68e7e47b78d4,5,324,18.64,57,0.01,0.8,70.0,40,10000
647d6993d7cd68e7e47b78d5,5,325,18.73,57,0.01,0.8,70.0,40,10000
647d6993d7cd68e7e47b78d6,5,326,18.67,57,0.01,0.8,70.0,40,10000
647d6993d7cd68e7e47b78d7,5,327,18.7,57,0.01,0.8,70.0,40,10000
647d6993d7cd68e7e47b78d8,5,328,18.78,57,0.01,0.8,70.0,40,10000
647d6993d7cd68e7e47b78d9,5,329,18.71,57,0.01,0.8,70.0,40,10000
647d6993d7cd68e7e47b78da,5,330,18.26,49,0.01,0.8,70.0,40,10000
647d6993d7cd68e7e47b78db,5,331,18.01,49,0.01,0.8,70.0,40,10000
647d6993d7cd68e7e47b78dc,5,332,18.07,49,0.01,0.8,70.0,40,10000
647d6993d7cd68e7e47b78dd,5,333,18.07,49,0.01,0.8,70.0,40,10000
647d6993d7cd68e7e47b78de,5,334,18.18,49,0.01,0.8,70.0,40,10000
647d6993d7cd68e7e47b78df,5,335,18.11,49,0.01,0.8,70.0,40,10000
647d6993d7cd68e7e47b78e0,5,336,17.97,49,0.01,0.8,70.0,40,10000
647d6993d7cd68e7e47b78e1,5,337,17.77,49,0.01,0.8,70.0,40,10000
647d6993d7cd68e7e47b78e2,5,338,17.79,49,0.01,0.8,70.0,40,10000
647d6993d7cd68e7e47b78e3,5,339,17.78,49,0.01,0.8,70.0,40,10000
647d6993d7cd68e7e47b78e4,5,340,17.69,49,0.01,0.8,70.0,40,10000
647d6993d7cd68e7e47b78e5,5,341,17.69,49,0.01,0.8,70.0,40,10000
647d6993d7cd68e7e47b78e6,5,342,17.68,49,0.01,0.8,70.0,40,10000
647d6993d7cd68e7e47b78e7,5,343,17.68,49,0.01,0.8,70.0,40,10000
647d6993d7cd68e7e47b78e8,5,344,17.43,49,0.01,0.8,70.0,40,10000
647d6993d7cd68e7e47b78e9,5,345,17.5,49,0.01,0.8,70.0,40,10000
647d6993d7cd68e7e47b78ea,5,346,17.5,49,0.01,0.8,70.0,40,10000
647d6993d7cd68e7e47b78eb,5,347,17.26,49,0.01,0.8,70.0,40,10000
647d6993d7cd68e7e47b78ec,5,348,17.16,49,0.01,0.8,70.0,40,10000
647d6993d7cd68e7e47b78ed,5,349,17.17,49,0.01,0.8,70.0,40,10000
647d6993d7cd68e7e47b78ee,5,350,17.35,49,0.01,0.8,70.0,40,10000
647d6993d7cd68e7e47b78ef,5,351,17.41,49,0.01,0.8,70.0,40,10000
647d6993d7cd68e7e47b78f0,5,352,17.6,49,0.01,0.8,70.0,40,10000
647d6993d7cd68e7e47b78f1,5,353,17.59,49,0.01,0.8,70.0,40,10000
647d6993d7cd68e7e47b78f2,5,354,17.33,49,0.01,0.8,70.0,40,10000
647d6993d7cd68e7e47b78f3,5,355,17.36,49,0.01,0.8,70.0,40,10000
647d6993d7cd68e7e47b78f4,5,356,17.39,49,0.01,0.8,70.0,40,10000
647d6993d7cd68e7e47b78f5,5,357,17.37,49,0.01,0.8,70.0,40,10000
647d6993d7cd68e7e47b78f6,5,358,17.39,49,0.01,0.8,70.0,40,10000
647d6993d7cd68e7e47b78f7,5,359,17.34,49,0.01,0.8,70.0,40,10000
647d6993d7cd68e7e47b78f8,5,360,17.44,49,0.01,0.8,70.0,40,10000
647d6993d7cd68e7e47b78f9,5,361,17.49,49,0.01,0.8,70.0,40,10000
647d6993d7cd68e7e47b78fa,5,362,17.49,49,0.01,0.8,70.0,40,10000
647d6993d7cd68e7e47b78fb,5,363,17.47,49,0.01,0.8,70.0,40,10000
647d6993d7cd68e7e47b78fc,5,364,17.3,49,0.01,0.8,70.0,40,10000
647d6993d7cd68e7e47b78fd,5,365,17.29,49,0.01,0.8,70.0,40,10000
647d6993d7cd68e7e47b78fe,5,366,16.94,48,0.01,0.8,70.0,40,10000
647d6993d7cd68e7e47b78ff,5,367,16.84,48,0.01,0.8,70.0,40,10000
647d6993d7cd68e7e47b7900,5,368,16.87,48,0.01,0.8,70.0,40,10000
647d6993d7cd68e7e47b7901,5,369,16.91,48,0.01,0.8,70.0,40,10000
647d6993d7cd68e7e47b7902,5,370,17.13,48,0.01,0.8,70.0,40,10000
647d6993d7cd68e7e47b7903,5,371,17.1,48,0.01,0.8,70.0,40,10000
647d6993d7cd68e7e47b7904,5,372,17.16,48,0.01,0.8,70.0,40,10000
647d6993d7cd68e7e47b7905,5,373,17.13,48,0.01,0.8,70.0,40,10000
647d6993d7cd68e7e47b7906,5,374,17.13,48,0.01,0.8,70.0,40,10000
647d6993d7cd68e7e47b7907,5,375,17.12,48,0.01,0.8,70.0,40,10000
647d6993d7cd68e7e47b7908,5,376,17.09,48,0.01,0.8,70.0,40,10000
647d6993d7cd68e7e47b7909,5,377,17.01,48,0.01,0.8,70.0,40,10000
647d6993d7cd68e7e47b790a,5,378,17.16,48,0.01,0.8,70.0,40,10000
647d6993d7cd68e7e47b790b,5,379,17.17,48,0.01,0.8,70.0,40,10000
647d6993d7cd68e7e47b790c,5,380,16.86,38,0.01,0.8,70.0,40,10000
647d6993d7cd68e7e47b790d,5,381,16.95,38,0.01,0.8,70.0,40,10000
647d6993d7cd68e7e47b790e,5,382,16.88,38,0.01,0.8,70.0,40,10000
647d6993d7cd68e7e47b790f,5,383,16.98,38,0.01,0.8,70.0,40,10000
647d6993d7cd68e7e47b7910,5,384,17.01,38,0.01,0.8,70.0,40,10000
647d6993d7cd68e7e47b7911,5,385,16.94,38,0.01,0.8,70.0,40,10000
647d6993d7cd68e7e47b7912,5,386,16.97,38,0.01,0.8,70.0,40,10000
647d6993d7cd68e7e47b7913,5,387,17.13,38,0.01,0.8,70.0,40,10000
647d6993d7cd68e7e47b7914,5,388,17.03,38,0.01,0.8,70.0,40,10000
647d6993d7cd68e7e47b7915,5,389,16.99,38,0.01,0.8,70.0,40,10000
647d6993d7cd68e7e47b7916,5,390,17.05,38,0.01,0.8,70.0,40,10000
647d6993d7cd68e7e47b7917,5,391,17.06,38,0.01,0.8,70.0,40,10000
647d6993d7cd68e7e47b7918,5,392,16.88,38,0.01,0.8,70.0,40,10000
647d6993d7cd68e7e47b7919,5,393,16.97,38,0.01,0.8,70.0,40,10000
647d6993d7cd68e7e47b791a,5,394,17.02,38,0.01,0.8,70.0,40,10000
647d6993d7cd68e7e47b791b,5,395,16.96,38,0.01,0.8,70.0,40,10000
647d6993d7cd68e7e47b791c,5,396,16.96,38,0.01,0.8,70.0,40,10000
647d6993d7cd68e7e47b791d,5,397,16.94,38,0.01,0.8,70.0,40,10000
647d6993d7cd68e7e47b791e,5,398,17.01,38,0.01,0.8,70.0,40,10000
647d6993d7cd68e7e47b791f,5,399,16.95,38,0.01,0.8,70.0,40,10000
647d6993d7cd68e7e47b7920,5,400,16.74,38,0.01,0.8,70.0,40,10000
647d6993d7cd68e7e47b7921,5,401,16.67,38,0.01,0.8,70.0,40,10000
647d6993d7cd68e7e47b7922,5,402,16.83,38,0.01,0.8,70.0,40,10000
647d6993d7cd68e7e47b7923,5,403,16.9,38,0.01,0.8,70.0,40,10000
647d6993d7cd68e7e47b7924,5,404,16.91,38,0.01,0.8,70.0,40,10000
647d6993d7cd68e7e47b7925,5,405,16.77,38,0.01,0.8,70.0,40,10000
647d6993d7cd68e7e47b7926,5,406,16.98,38,0.01,0.8,70.0,40,10000
647d6993d7cd68e7e47b7927,5,407,16.98,38,0.01,0.8,70.0,40,10000
647d6993d7cd68e7e47b7928,5,408,16.97,38,0.01,0.8,70.0,40,10000
647d6993d7cd68e7e47b7929,5,409,16.94,38,0.01,0.8,70.0,40,10000
647d6993d7cd68e7e47b792a,5,410,16.91,38,0.01,0.8,70.0,40,10000
647d6993d7cd68e7e47b792b,5,411,16.99,38,0.01,0.8,70.0,40,10000
647d6993d7cd68e7e47b792c,5,412,16.97,38,0.01,0.8,70.0,40,10000
647d6993d7cd68e7e47b792d,5,413,17.01,38,0.01,0.8,70.0,40,10000
647d6993d7cd68e7e47b792e,5,414,16.92,38,0.01,0.8,70.0,40,10000
647d6993d7cd68e7e47b792f,5,415,16.87,38,0.01,0.8,70.0,40,10000
647d6993d7cd68e7e47b7930,5,416,16.82,38,0.01,0.8,70.0,40,10000
647d6993d7cd68e7e47b7931,5,417,16.61,34,0.01,0.8,70.0,40,10000
647d6993d7cd68e7e47b7932,5,418,16.7,34,0.01,0.8,70.0,40,10000
647d6993d7cd68e7e47b7933,5,419,16.57,34,0.01,0.8,70.0,40,10000
647d6993d7cd68e7e47b7934,5,420,16.6,34,0.01,0.8,70.0,40,10000
647d6993d7cd68e7e47b7935,5,421,16.72,34,0.01,0.8,70.0,40,10000
647d6993d7cd68e7e47b7936,5,422,16.74,34,0.01,0.8,70.0,40,10000
647d6993d7cd68e7e47b7937,5,423,16.81,34,0.01,0.8,70.0,40,10000
647d6993d7cd68e7e47b7938,5,424,17.21,58,0.01,0.8,70.0,40,10000
647d6993d7cd68e7e47b7939,5,425,17.1,58,0.01,0.8,70.0,40,10000
647d6993d7cd68e7e47b793a,5,426,17.14,58,0.01,0.8,70.0,40,10000
647d6993d7cd68e7e47b793b,5,427,17.02,58,0.01,0.8,70.0,40,10000
647d6993d7cd68e7e47b793c,5,428,16.91,58,0.01,0.8,70.0,40,10000
647d6993d7cd68e7e47b793d,5,429,16.91,58,0.01,0.8,70.0,40,10000
647d6993d7cd68e7e47b793e,5,430,17.06,58,0.01,0.8,70.0,40,10000
647d6993d7cd68e7e47b793f,5,431,17.11,58,0.01,0.8,70.0,40,10000
647d6993d7cd68e7e47b7940,5,432,17.12,58,0.01,0.8,70.0,40,10000
647d6993d7cd68e7e47b7941,5,433,17.28,58,0.01,0.8,70.0,40,10000
647d6993d7cd68e7e47b7942,5,434,17.38,58,0.01,0.8,70.0,40,10000
647d6993d7cd68e7e47b7943,5,435,17.43,58,0.01,0.8,70.0,40,10000
647d6993d7cd68e7e47b7944,5,436,17.49,58,0.01,0.8,70.0,40,10000
647d6993d7cd68e7e47b7945,5,437,17.52,58,0.01,0.8,70.0,40,10000
647d6993d7cd68e7e47b7946,5,438,17.47,58,0.01,0.8,70.0,40,10000
647d6993d7cd68e7e47b7947,5,439,17.42,58,0.01,0.8,70.0,40,10000
647d6993d7cd68e7e47b7948,5,440,17.42,58,0.01,0.8,70.0,40,10000
647d6993d7cd68e7e47b7949,5,441,17.46,58,0.01,0.8,70.0,40,10000
647d6993d7cd68e7e47b794a,5,442,17.42,58,0.01,0.8,70.0,40,10000
647d6993d7cd68e7e47b794b,5,443,17.38,58,0.01,0.8,70.0,40,10000
647d6993d7cd68e7e47b794c,5,444,17.36,58,0.01,0.8,70.0,40,10000
647d6993d7cd68e7e47b794d,5,445,17.29,58,0.01,0.8,70.0,40,10000
647d6993d7cd68e7e47b794e,5,446,17.38,58,0.01,0.8,70.0,40,10000
647d6993d7cd68e7e47b794f,5,447,17.41,58,0.01,0.8,70.0,40,10000
647d6993d7cd68e7e47b7950,5,448,17.4,58,0.01,0.8,70.0,40,10000
647d6993d7cd68e7e47b7951,5,449,17.37,58,0.01,0.8,70.0,40,10000
647d6993d7cd68e7e47b7952,5,450,17.22,58,0.01,0.8,70.0,40,10000
647d6993d7cd68e7e47b7953,5,451,17.18,58,0.01,0.8,70.0,40,10000
647d6993d7cd68e7e47b7954,5,452,16.98,58,0.01,0.8,70.0,40,10000
647d6993d7cd68e7e47b7955,5,453,16.84,58,0.01,0.8,70.0,40,10000
647d6993d7cd68e7e47b7956,5,454,16.94,58,0.01,0.8,70.0,40,10000
647d6993d7cd68e7e47b7957,5,455,16.97,58,0.01,0.8,70.0,40,10000
647d6993d7cd68e7e47b7958,5,456,16.98,58,0.01,0.8,70.0,40,10000
647d6993d7cd68e7e47b7959,5,457,17.1,58,0.01,0.8,70.0,40,10000
647d6993d7cd68e7e47b795a,5,458,17.1,58,0.01,0.8,70.0,40,10000
647d6993d7cd68e7e47b795b,5,459,17.05,58,0.01,0.8,70.0,40,10000
647d6993d7cd68e7e47b795c,5,460,16.92,58,0.01,0.8,70.0,40,10000
647d6993d7cd68e7e47b795d,5,461,16.99,58,0.01,0.8,70.0,40,10000
647d6993d7cd68e7e47b795e,5,462,16.9,58,0.01,0.8,70.0,40,10000
647d6993d7cd68e7e47b795f,5,463,16.98,58,0.01,0.8,70.0,40,10000
647d6993d7cd68e7e47b7960,5,464,16.99,58,0.01,0.8,70.0,40,10000
647d6993d7cd68e7e47b7961,5,465,16.97,58,0.01,0.8,70.0,40,10000
647d6993d7cd68e7e47b7962,5,466,17.02,58,0.01,0.8,70.0,40,10000
647d6993d7cd68e7e47b7963,5,467,16.97,58,0.01,0.8,70.0,40,10000
647d6993d7cd68e7e47b7964,5,468,17.07,58,0.01,0.8,70.0,40,10000
647d6993d7cd68e7e47b7965,5,469,17.05,58,0.01,0.8,70.0,40,10000
647d6993d7cd68e7e47b7966,5,470,16.86,58,0.01,0.8,70.0,40,10000
647d6993d7cd68e7e47b7967,5,471,16.94,58,0.01,0.8,70.0,40,10000
647d6993d7cd68e7e47b7968,5,472,16.94,58,0.01,0.8,70.0,40,10000
647d6993d7cd68e7e47b7969,5,473,17.13,58,0.01,0.8,70.0,40,10000
647d6993d7cd68e7e47b796a,5,474,17.17,58,0.01,0.8,70.0,40,10000
647d6993d7cd68e7e47b796b,5,475,17.14,58,0.01,0.8,70.0,40,10000
647d6993d7cd68e7e47b796c,5,476,17.72,73,0.01,0.8,70.0,40,10000
647d6993d7cd68e7e47b796d,5,477,17.85,73,0.01,0.8,70.0,40,10000
647d6993d7cd68e7e47b796e,5,478,17.98,73,0.01,0.8,70.0,40,10000
647d6993d7cd68e7e47b796f,5,479,17.85,73,0.01,0.8,70.0,40,10000
647d6993d7cd68e7e47b7970,5,480,17.87,73,0.01,0.8,70.0,40,10000
647d6993d7cd68e7e47b7971,5,481,17.83,73,0.01,0.8,70.0,40,10000
647d6993d7cd68e7e47b7972,5,482,17.89,73,0.01,0.8,70.0,40,10000
647d6993d7cd68e7e47b7973,5,483,17.75,73,0.01,0.8,70.0,40,10000
647d6993d7cd68e7e47b7974,5,484,17.78,73,0.01,0.8,70.0,40,10000
647d6993d7cd68e7e47b7975,5,485,18.34,73,0.01,0.8,70.0,40,10000
647d6993d7cd68e7e47b7976,5,486,18.14,73,0.01,0.8,70.0,40,10000
647d6993d7cd68e7e47b7977,5,487,18.01,73,0.01,0.8,70.0,40,10000
647d6993d7cd68e7e47b7978,5,488,18.19,73,0.01,0.8,70.0,40,10000
647d6993d7cd68e7e47b7979,5,489,18.17,73,0.01,0.8,70.0,40,10000
647d6993d7cd68e7e47b797a,5,490,18.16,73,0.01,0.8,70.0,40,10000
647d6993d7cd68e7e47b797b,5,491,18.32,73,0.01,0.8,70.0,40,10000
647d6993d7cd68e7e47b797c,5,492,18.26,73,0.01,0.8,70.0,40,10000
647d6993d7cd68e7e47b797d,5,493,18.35,73,0.01,0.8,70.0,40,10000
647d6993d7cd68e7e47b797e,5,494,18.31,73,0.01,0.8,70.0,40,10000
647d6993d7cd68e7e47b797f,5,495,18.35,73,0.01,0.8,70.0,40,10000
647d6993d7cd68e7e47b7980,5,496,18.43,73,0.01,0.8,70.0,40,10000
647d6993d7cd68e7e47b7981,5,497,18.38,73,0.01,0.8,70.0,40,10000
647d6993d7cd68e7e47b7982,5,498,18.38,73,0.01,0.8,70.0,40,10000
647d6993d7cd68e7e47b7983,5,499,18.4,73,0.01,0.8,70.0,40,10000
647d6993d7cd68e7e47b7984,5,500,18.4,73,0.01,0.8,70.0,40,10000
647d6993d7cd68e7e47b7985,5,501,18.43,73,0.01,0.8,70.0,40,10000
647d6993d7cd68e7e47b7986,5,502,18.22,73,0.01,0.8,70.0,40,10000
647d6993d7cd68e7e47b7987,5,503,18.31,73,0.01,0.8,70.0,40,10000
647d6993d7cd68e7e47b7988,5,504,18.45,73,0.01,0.8,70.0,40,10000
647d6993d7cd68e7e47b7989,5,505,18.85,73,0.01,0.8,70.0,40,10000
647d6993d7cd68e7e47b798a,5,506,18.64,73,0.01,0.8,70.0,40,10000
647d6993d7cd68e7e47b798b,5,507,18.69,73,0.01,0.8,70.0,40,10000
647d6993d7cd68e7e47b798c,5,508,18.76,73,0.01,0.8,70.0,40,10000
647d6993d7cd68e7e47b798d,5,509,18.73,73,0.01,0.8,70.0,40,10000
647d6993d7cd68e7e47b798e,5,510,18.68,73,0.01,0.8,70.0,40,10000
647d6993d7cd68e7e47b798f,5,511,18.64,73,0.01,0.8,70.0,40,10000
647d6993d7cd68e7e47b7990,5,512,18.66,73,0.01,0.8,70.0,40,10000
647d6993d7cd68e7e47b7991,5,513,18.61,73,0.01,0.8,70.0,40,10000
647d6993d7cd68e7e47b7992,5,514,18.97,73,0.01,0.8,70.0,40,10000
647d6993d7cd68e7e47b7993,5,515,19.05,73,0.01,0.8,70.0,40,10000
647d6993d7cd68e7e47b7994,5,516,19.08,73,0.01,0.8,70.0,40,10000
647d6993d7cd68e7e47b7995,5,517,19.06,73,0.01,0.8,70.0,40,10000
647d6993d7cd68e7e47b7996,5,518,18.81,73,0.01,0.8,70.0,40,10000
647d6993d7cd68e7e47b7997,5,519,19,73,0.01,0.8,70.0,40,10000
647d6993d7cd68e7e47b7998,5,520,19,73,0.01,0.8,70.0,40,10000
647d6993d7cd68e7e47b7999,5,521,18.86,73,0.01,0.8,70.0,40,10000
647d6993d7cd68e7e47b799a,5,522,19.31,73,0.01,0.8,70.0,40,10000
647d6993d7cd68e7e47b799b,5,523,19.36,73,0.01,0.8,70.0,40,10000
647d6993d7cd68e7e47b799c,5,524,18.91,73,0.01,0.8,70.0,40,10000
647d6993d7cd68e7e47b799d,5,525,18.87,73,0.01,0.8,70.0,40,10000
647d6993d7cd68e7e47b799e,5,526,18.9,73,0.01,0.8,70.0,40,10000
647d6993d7cd68e7e47b799f,5,527,18.96,73,0.01,0.8,70.0,40,10000
647d6993d7cd68e7e47b79a0,5,528,19,73,0.01,0.8,70.0,40,10000
647d6993d7cd68e7e47b79a1,5,529,18.99,73,0.01,0.8,70.0,40,10000
647d6993d7cd68e7e47b79a2,5,530,18.89,73,0.01,0.8,70.0,40,10000
647d6993d7cd68e7e47b79a3,5,531,18.87,73,0.01,0.8,70.0,40,10000
647d6993d7cd68e7e47b79a4,5,532,18.8,73,0.01,0.8,70.0,40,10000
647d6993d7cd68e7e47b79a5,5,533,18.62,73,0.01,0.8,70.0,40,10000
647d6993d7cd68e7e47b79a6,5,534,18.41,73,0.01,0.8,70.0,40,10000
647d6993d7cd68e7e47b79a7,5,535,18.6,73,0.01,0.8,70.0,40,10000
647d6993d7cd68e7e47b79a8,5,536,18.55,73,0.01,0.8,70.0,40,10000
647d6993d7cd68e7e47b79a9,5,537,18.52,73,0.01,0.8,70.0,40,10000
647d6993d7cd68e7e47b79aa,5,538,18.73,73,0.01,0.8,70.0,40,10000
647d6993d7cd68e7e47b79ab,5,539,18.83,73,0.01,0.8,70.0,40,10000
647d6993d7cd68e7e47b79ac,5,540,18.88,73,0.01,0.8,70.0,40,10000
647d6993d7cd68e7e47b79ad,5,541,18.87,73,0.01,0.8,70.0,40,10000
647d6993d7cd68e7e47b79ae,5,542,18.9,73,0.01,0.8,70.0,40,10000
647d6993d7cd68e7e47b79af,5,543,18.95,73,0.01,0.8,70.0,40,10000
647d6993d7cd68e7e47b79b0,5,544,19.02,73,0.01,0.8,70.0,40,10000
647d6993d7cd68e7e47b79b1,5,545,18.97,73,0.01,0.8,70.0,40,10000
647d6993d7cd68e7e47b79b2,5,546,19.01,73,0.01,0.8,70.0,40,10000
647d6993d7cd68e7e47b79b3,5,547,19.01,73,0.01,0.8,70.0,40,10000
647d6993d7cd68e7e47b79b4,5,548,19.19,73,0.01,0.8,70.0,40,10000
647d6993d7cd68e7e47b79b5,5,549,19.18,73,0.01,0.8,70.0,40,10000
647d6993d7cd68e7e47b79b6,5,550,19.16,73,0.01,0.8,70.0,40,10000
647d6993d7cd68e7e47b79b7,5,551,19.12,73,0.01,0.8,70.0,40,10000
647d6993d7cd68e7e47b79b8,5,552,19.33,73,0.01,0.8,70.0,40,10000
647d6993d7cd68e7e47b79b9,5,553,19.32,73,0.01,0.8,70.0,40,10000
647d6993d7cd68e7e47b79ba,5,554,19.19,73,0.01,0.8,70.0,40,10000
647d6993d7cd68e7e47b79bb,5,555,19.23,73,0.01,0.8,70.0,40,10000
647d6993d7cd68e7e47b79bc,5,556,19.24,73,0.01,0.8,70.0,40,10000
647d6993d7cd68e7e47b79bd,5,557,19.24,73,0.01,0.8,70.0,40,10000
647d6993d7cd68e7e47b79be,5,558,19.27,73,0.01,0.8,70.0,40,10000
647d6993d7cd68e7e47b79bf,5,559,19.33,73,0.01,0.8,70.0,40,10000
647d6993d7cd68e7e47b79c0,5,560,19.35,73,0.01,0.8,70.0,40,10000
647d6993d7cd68e7e47b79c1,5,561,19.23,73,0.01,0.8,48.99999999999999,40,10000
647d6993d7cd68e7e47b79c2,5,562,19.24,73,0.01,0.8,48.99999999999999,40,10000
647d6993d7cd68e7e47b79c3,5,563,19.09,73,0.01,0.8,48.99999999999999,40,10000
647d6993d7cd68e7e47b79c4,5,564,19.13,73,0.01,0.8,48.99999999999999,40,10000
647d6993d7cd68e7e47b79c5,5,565,19.24,73,0.01,0.8,48.99999999999999,40,10000
647d6993d7cd68e7e47b79c6,5,566,19.18,73,0.01,0.8,48.99999999999999,40,10000
647d6993d7cd68e7e47b79c7,5,567,19.5,73,0.01,0.8,48.99999999999999,40,10000
647d6994d7cd68e7e47b79c8,5,568,19.39,73,0.01,0.8,48.99999999999999,40,10000
647d6994d7cd68e7e47b79c9,5,569,19.37,73,0.01,0.8,48.99999999999999,40,10000
647d6994d7cd68e7e47b79ca,5,570,19.32,73,0.01,0.8,48.99999999999999,40,10000
647d6994d7cd68e7e47b79cb,5,571,19.27,73,0.01,0.8,48.99999999999999,40,10000
647d6994d7cd68e7e47b79cc,5,572,19.21,73,0.01,0.8,48.99999999999999,40,10000
647d6994d7cd68e7e47b79cd,5,573,19.04,73,0.01,0.8,48.99999999999999,40,10000
647d6994d7cd68e7e47b79ce,5,574,18.97,73,0.01,0.8,48.99999999999999,40,10000
647d6994d7cd68e7e47b79cf,5,575,19.08,73,0.01,0.8,48.99999999999999,40,10000
647d6994d7cd68e7e47b79d0,5,576,18.45,69,0.01,0.8,48.99999999999999,40,10000
647d6994d7cd68e7e47b79d1,5,577,18.44,69,0.01,0.8,48.99999999999999,40,10000
647d6994d7cd68e7e47b79d2,5,578,18.16,69,0.01,0.8,48.99999999999999,40,10000
647d6994d7cd68e7e47b79d3,5,579,18.16,69,0.01,0.8,48.99999999999999,40,10000
647d6994d7cd68e7e47b79d4,5,580,18.1,69,0.01,0.8,48.99999999999999,40,10000
647d6994d7cd68e7e47b79d5,5,581,18.03,69,0.01,0.8,34.29999999999999,40,10000
647d6994d7cd68e7e47b79d6,5,582,17.92,69,0.01,0.8,34.29999999999999,40,10000
647d6994d7cd68e7e47b79d7,5,583,17.92,69,0.01,0.8,34.29999999999999,40,10000
647d6994d7cd68e7e47b79d8,5,584,17.84,69,0.01,0.8,34.29999999999999,40,10000
647d6994d7cd68e7e47b79d9,5,585,17.29,58,0.01,0.8,34.29999999999999,40,10000
647d6994d7cd68e7e47b79da,5,586,17.27,58,0.01,0.8,34.29999999999999,40,10000
647d6994d7cd68e7e47b79db,5,587,17.27,58,0.01,0.8,34.29999999999999,40,10000
647d6994d7cd68e7e47b79dc,5,588,17.1,58,0.01,0.8,34.29999999999999,40,10000
647d6994d7cd68e7e47b79dd,5,589,17.09,58,0.01,0.8,34.29999999999999,40,10000
647d6994d7cd68e7e47b79de,5,590,17.07,58,0.01,0.8,34.29999999999999,40,10000
647d6994d7cd68e7e47b79df,5,591,16.89,58,0.01,0.8,34.29999999999999,40,10000
647d6994d7cd68e7e47b79e0,5,592,16.92,58,0.01,0.8,34.29999999999999,40,10000
647d6994d7cd68e7e47b79e1,5,593,16.73,58,0.01,0.8,34.29999999999999,40,10000
647d6994d7cd68e7e47b79e2,5,594,16.7,58,0.01,0.8,34.29999999999999,40,10000
647d6994d7cd68e7e47b79e3,5,595,16.67,58,0.01,0.8,34.29999999999999,40,10000
647d6994d7cd68e7e47b79e4,5,596,16.58,58,0.01,0.8,34.29999999999999,40,10000
647d6994d7cd68e7e47b79e5,5,597,16.53,58,0.01,0.8,34.29999999999999,40,10000
647d6994d7cd68e7e47b79e6,5,598,16.45,58,0.01,0.8,34.29999999999999,40,10000
647d6994d7cd68e7e47b79e7,5,599,16.52,58,0.01,0.8,34.29999999999999,40,10000
647d6994d7cd68e7e47b79e8,5,600,16.55,58,0.01,0.8,34.29999999999999,40,10000
647d6994d7cd68e7e47b79e9,5,601,16.52,58,0.01,0.8,24.00999999999999,40,10000
647d6994d7cd68e7e47b79ea,5,602,16.5,58,0.01,0.8,24.00999999999999,40,10000
647d6994d7cd68e7e47b79eb,5,603,16.35,58,0.01,0.8,24.00999999999999,40,10000
647d6994d7cd68e7e47b79ec,5,604,16.2,58,0.01,0.8,24.00999999999999,40,10000
647d6994d7cd68e7e47b79ed,5,605,15.82,58,0.01,0.8,24.00999999999999,40,10000
647d6994d7cd68e7e47b79ee,5,606,15.79,58,0.01,0.8,24.00999999999999,40,10000
647d6994d7cd68e7e47b79ef,5,607,15.74,58,0.01,0.8,24.00999999999999,40,10000
647d6994d7cd68e7e47b79f0,5,608,15.63,58,0.01,0.8,24.00999999999999,40,10000
647d6994d7cd68e7e47b79f1,5,609,15.64,58,0.01,0.8,24.00999999999999,40,10000
647d6994d7cd68e7e47b79f2,5,610,15.63,58,0.01,0.8,24.00999999999999,40,10000
647d6994d7cd68e7e47b79f3,5,611,15.62,58,0.01,0.8,24.00999999999999,40,10000
647d6994d7cd68e7e47b79f4,5,612,15.64,58,0.01,0.8,24.00999999999999,40,10000
647d6994d7cd68e7e47b79f5,5,613,15.61,58,0.01,0.8,24.00999999999999,40,10000
647d6994d7cd68e7e47b79f6,5,614,15.17,58,0.01,0.8,24.00999999999999,40,10000
647d6994d7cd68e7e47b79f7,5,615,15.07,58,0.01,0.8,24.00999999999999,40,10000
647d6994d7cd68e7e47b79f8,5,616,15.12,58,0.01,0.8,24.00999999999999,40,10000
647d6994d7cd68e7e47b79f9,5,617,15.07,58,0.01,0.8,24.00999999999999,40,10000
647d6994d7cd68e7e47b79fa,5,618,15.08,58,0.01,0.8,24.00999999999999,40,10000
647d6994d7cd68e7e47b79fb,5,619,14.91,58,0.01,0.8,24.00999999999999,40,10000
647d6994d7cd68e7e47b79fc,5,620,14.85,58,0.01,0.8,24.00999999999999,40,10000
647d6994d7cd68e7e47b79fd,5,621,14.86,58,0.01,0.8,16.806999999999995,40,10000
647d6994d7cd68e7e47b79fe,5,622,14.38,42,0.01,0.8,16.806999999999995,40,10000
647d6994d7cd68e7e47b79ff,5,623,14.25,42,0.01,0.8,16.806999999999995,40,10000
647d6994d7cd68e7e47b7a00,5,624,14.25,42,0.01,0.8,16.806999999999995,40,10000
647d6994d7cd68e7e47b7a01,5,625,14.25,42,0.01,0.8,16.806999999999995,40,10000
647d6994d7cd68e7e47b7a02,5,626,14.17,42,0.01,0.8,16.806999999999995,40,10000
647d6994d7cd68e7e47b7a03,5,627,14.13,42,0.01,0.8,16.806999999999995,40,10000
647d6994d7cd68e7e47b7a04,5,628,14.12,42,0.01,0.8,16.806999999999995,40,10000
647d6994d7cd68e7e47b7a05,5,629,14.12,42,0.01,0.8,16.806999999999995,40,10000
647d6994d7cd68e7e47b7a06,5,630,14.04,42,0.01,0.8,16.806999999999995,40,10000
647d6994d7cd68e7e47b7a07,5,631,13.96,42,0.01,0.8,16.806999999999995,40,10000
647d6994d7cd68e7e47b7a08,5,632,13.98,42,0.01,0.8,16.806999999999995,40,10000
647d6994d7cd68e7e47b7a09,5,633,13.99,42,0.01,0.8,16.806999999999995,40,10000
647d6994d7cd68e7e47b7a0a,5,634,13.98,42,0.01,0.8,16.806999999999995,40,10000
647d6994d7cd68e7e47b7a0b,5,635,13.69,42,0.01,0.8,16.806999999999995,40,10000
647d6994d7cd68e7e47b7a0c,5,636,13.73,42,0.01,0.8,16.806999999999995,40,10000
647d6994d7cd68e7e47b7a0d,5,637,13.73,42,0.01,0.8,16.806999999999995,40,10000
647d6994d7cd68e7e47b7a0e,5,638,13.46,42,0.01,0.8,16.806999999999995,40,10000
647d6994d7cd68e7e47b7a0f,5,639,13.36,42,0.01,0.8,16.806999999999995,40,10000
647d6994d7cd68e7e47b7a10,5,640,13.3,42,0.01,0.8,16.806999999999995,40,10000
647d6994d7cd68e7e47b7a11,5,641,13.27,42,0.01,0.8,11.764899999999995,40,10000
647d6994d7cd68e7e47b7a12,5,642,13.23,42,0.01,0.8,11.764899999999995,40,10000
647d6994d7cd68e7e47b7a13,5,643,13.16,42,0.01,0.8,11.764899999999995,40,10000
647d6994d7cd68e7e47b7a14,5,644,13.07,42,0.01,0.8,11.764899999999995,40,10000
647d6994d7cd68e7e47b7a15,5,645,13.09,42,0.01,0.8,11.764899999999995,40,10000
647d6994d7cd68e7e47b7a16,5,646,12.95,42,0.01,0.8,11.764899999999995,40,10000
647d6994d7cd68e7e47b7a17,5,647,12.86,42,0.01,0.8,11.764899999999995,40,10000
647d6994d7cd68e7e47b7a18,5,648,12.69,42,0.01,0.8,11.764899999999995,40,10000
647d6994d7cd68e7e47b7a19,5,649,12.66,42,0.01,0.8,11.764899999999995,40,10000
647d6994d7cd68e7e47b7a1a,5,650,12.64,42,0.01,0.8,11.764899999999995,40,10000
647d6994d7cd68e7e47b7a1b,5,651,12.6,42,0.01,0.8,11.764899999999995,40,10000
647d6994d7cd68e7e47b7a1c,5,652,12.34,42,0.01,0.8,11.764899999999995,40,10000
647d6994d7cd68e7e47b7a1d,5,653,12.3,42,0.01,0.8,11.764899999999995,40,10000
647d6994d7cd68e7e47b7a1e,5,654,12.31,42,0.01,0.8,11.764899999999995,40,10000
647d6994d7cd68e7e47b7a1f,5,655,12.19,42,0.01,0.8,11.764899999999995,40,10000
647d6994d7cd68e7e47b7a20,5,656,12.14,42,0.01,0.8,11.764899999999995,40,10000
647d6994d7cd68e7e47b7a21,5,657,11.99,42,0.01,0.8,11.764899999999995,40,10000
647d6994d7cd68e7e47b7a22,5,658,11.93,42,0.01,0.8,11.764899999999995,40,10000
647d6994d7cd68e7e47b7a23,5,659,11.86,42,0.01,0.8,11.764899999999995,40,10000
647d6994d7cd68e7e47b7a24,5,660,11.82,42,0.01,0.8,11.764899999999995,40,10000
647d6994d7cd68e7e47b7a25,5,661,11.82,42,0.01,0.8,8.235429999999996,40,10000
647d6994d7cd68e7e47b7a26,5,662,11.79,42,0.01,0.8,8.235429999999996,40,10000
647d6994d7cd68e7e47b7a27,5,663,11.76,42,0.01,0.8,8.235429999999996,40,10000
647d6994d7cd68e7e47b7a28,5,664,11.7,42,0.01,0.8,8.235429999999996,40,10000
647d6994d7cd68e7e47b7a29,5,665,11.58,42,0.01,0.8,8.235429999999996,40,10000
647d6994d7cd68e7e47b7a2a,5,666,11.55,42,0.01,0.8,8.235429999999996,40,10000
647d6994d7cd68e7e47b7a2b,5,667,11.23,24,0.01,0.8,8.235429999999996,40,10000
647d6994d7cd68e7e47b7a2c,5,668,11.19,24,0.01,0.8,8.235429999999996,40,10000
647d6994d7cd68e7e47b7a2d,5,669,11.2,24,0.01,0.8,8.235429999999996,40,10000
647d6994d7cd68e7e47b7a2e,5,670,11.19,24,0.01,0.8,8.235429999999996,40,10000
647d6994d7cd68e7e47b7a2f,5,671,11.14,24,0.01,0.8,8.235429999999996,40,10000
647d6994d7cd68e7e47b7a30,5,672,11.11,24,0.01,0.8,8.235429999999996,40,10000
647d6994d7cd68e7e47b7a31,5,673,11.08,24,0.01,0.8,8.235429999999996,40,10000
647d6994d7cd68e7e47b7a32,5,674,11.08,24,0.01,0.8,8.235429999999996,40,10000
647d6994d7cd68e7e47b7a33,5,675,10.96,21,0.01,0.8,8.235429999999996,40,10000
647d6994d7cd68e7e47b7a34,5,676,10.97,21,0.01,0.8,8.235429999999996,40,10000
647d6994d7cd68e7e47b7a35,5,677,10.86,19,0.01,0.8,8.235429999999996,40,10000
647d6994d7cd68e7e47b7a36,5,678,10.84,19,0.01,0.8,8.235429999999996,40,10000
647d6994d7cd68e7e47b7a37,5,679,10.83,19,0.01,0.8,8.235429999999996,40,10000
647d6994d7cd68e7e47b7a38,5,680,10.79,19,0.01,0.8,8.235429999999996,40,10000
647d6994d7cd68e7e47b7a39,5,681,10.8,19,0.01,0.8,5.764800999999997,40,10000
647d6994d7cd68e7e47b7a3a,5,682,10.76,19,0.01,0.8,5.764800999999997,40,10000
647d6994d7cd68e7e47b7a3b,5,683,10.75,19,0.01,0.8,5.764800999999997,40,10000
647d6994d7cd68e7e47b7a3c,5,684,10.74,19,0.01,0.8,5.764800999999997,40,10000
647d6994d7cd68e7e47b7a3d,5,685,10.7,19,0.01,0.8,5.764800999999997,40,10000
647d6994d7cd68e7e47b7a3e,5,686,10.69,19,0.01,0.8,5.764800999999997,40,10000
647d6994d7cd68e7e47b7a3f,5,687,10.64,19,0.01,0.8,5.764800999999997,40,10000
647d6994d7cd68e7e47b7a40,5,688,10.65,19,0.01,0.8,5.764800999999997,40,10000
647d6994d7cd68e7e47b7a41,5,689,10.63,19,0.01,0.8,5.764800999999997,40,10000
647d6994d7cd68e7e47b7a42,5,690,10.58,19,0.01,0.8,5.764800999999997,40,10000
647d6994d7cd68e7e47b7a43,5,691,10.57,19,0.01,0.8,5.764800999999997,40,10000
647d6994d7cd68e7e47b7a44,5,692,10.53,19,0.01,0.8,5.764800999999997,40,10000
647d6994d7cd68e7e47b7a45,5,693,10.5,19,0.01,0.8,5.764800999999997,40,10000
647d6994d7cd68e7e47b7a46,5,694,10.47,19,0.01,0.8,5.764800999999997,40,10000
647d6994d7cd68e7e47b7a47,5,695,10.42,19,0.01,0.8,5.764800999999997,40,10000
647d6994d7cd68e7e47b7a48,5,696,10.41,19,0.01,0.8,5.764800999999997,40,10000
647d6994d7cd68e7e47b7a49,5,697,10.4,19,0.01,0.8,5.764800999999997,40,10000
647d6994d7cd68e7e47b7a4a,5,698,10.41,19,0.01,0.8,5.764800999999997,40,10000
647d6994d7cd68e7e47b7a4b,5,699,10.32,18,0.01,0.8,5.764800999999997,40,10000
647d6994d7cd68e7e47b7a4c,5,700,10.27,18,0.01,0.8,5.764800999999997,40,10000
647d6994d7cd68e7e47b7a4d,5,701,10.28,18,0.01,0.8,4.035360699999998,40,10000
647d6994d7cd68e7e47b7a4e,5,702,10.26,18,0.01,0.8,4.035360699999998,40,10000
647d6994d7cd68e7e47b7a4f,5,703,10.24,18,0.01,0.8,4.035360699999998,40,10000
647d6994d7cd68e7e47b7a50,5,704,10.21,18,0.01,0.8,4.035360699999998,40,10000
647d6994d7cd68e7e47b7a51,5,705,10.14,18,0.01,0.8,4.035360699999998,40,10000
647d6994d7cd68e7e47b7a52,5,706,10.15,18,0.01,0.8,4.035360699999998,40,10000
647d6994d7cd68e7e47b7a53,5,707,10.12,18,0.01,0.8,4.035360699999998,40,10000
647d6994d7cd68e7e47b7a54,5,708,10.11,18,0.01,0.8,4.035360699999998,40,10000
647d6994d7cd68e7e47b7a55,5,709,10.04,18,0.01,0.8,4.035360699999998,40,10000
647d6994d7cd68e7e47b7a56,5,710,10.03,18,0.01,0.8,4.035360699999998,40,10000
647d6994d7cd68e7e47b7a57,5,711,9.99,18,0.01,0.8,4.035360699999998,40,10000
647d6994d7cd68e7e47b7a58,5,712,9.96,18,0.01,0.8,4.035360699999998,40,10000
647d6994d7cd68e7e47b7a59,5,713,9.96,18,0.01,0.8,4.035360699999998,40,10000
647d6994d7cd68e7e47b7a5a,5,714,9.98,18,0.01,0.8,4.035360699999998,40,10000
647d6994d7cd68e7e47b7a5b,5,715,9.98,18,0.01,0.8,4.035360699999998,40,10000
647d6994d7cd68e7e47b7a5c,5,716,9.9,14,0.01,0.8,4.035360699999998,40,10000
647d6994d7cd68e7e47b7a5d,5,717,9.9,14,0.01,0.8,4.035360699999998,40,10000
647d6994d7cd68e7e47b7a5e,5,718,9.9,14,0.01,0.8,4.035360699999998,40,10000
647d6994d7cd68e7e47b7a5f,5,719,9.87,14,0.01,0.8,4.035360699999998,40,10000
647d6994d7cd68e7e47b7a60,5,720,9.85,14,0.01,0.8,4.035360699999998,40,10000
647d6994d7cd68e7e47b7a61,5,721,9.82,14,0.01,0.8,2.8247524899999985,40,10000
647d6994d7cd68e7e47b7a62,5,722,9.82,14,0.01,0.8,2.8247524899999985,40,10000
647d6994d7cd68e7e47b7a63,5,723,9.82,14,0.01,0.8,2.8247524899999985,40,10000
647d6994d7cd68e7e47b7a64,5,724,9.77,14,0.01,0.8,2.8247524899999985,40,10000
647d6994d7cd68e7e47b7a65,5,725,9.75,14,0.01,0.8,2.8247524899999985,40,10000
647d6994d7cd68e7e47b7a66,5,726,9.75,14,0.01,0.8,2.8247524899999985,40,10000
647d6994d7cd68e7e47b7a67,5,727,9.74,14,0.01,0.8,2.8247524899999985,40,10000
647d6994d7cd68e7e47b7a68,5,728,9.7,14,0.01,0.8,2.8247524899999985,40,10000
647d6994d7cd68e7e47b7a69,5,729,9.71,14,0.01,0.8,2.8247524899999985,40,10000
647d6994d7cd68e7e47b7a6a,5,730,9.72,14,0.01,0.8,2.8247524899999985,40,10000
647d6994d7cd68e7e47b7a6b,5,731,9.71,14,0.01,0.8,2.8247524899999985,40,10000
647d6994d7cd68e7e47b7a6c,5,732,9.69,14,0.01,0.8,2.8247524899999985,40,10000
647d6994d7cd68e7e47b7a6d,5,733,9.67,14,0.01,0.8,2.8247524899999985,40,10000
647d6994d7cd68e7e47b7a6e,5,734,9.66,14,0.01,0.8,2.8247524899999985,40,10000
647d6994d7cd68e7e47b7a6f,5,735,9.67,14,0.01,0.8,2.8247524899999985,40,10000
647d6994d7cd68e7e47b7a70,5,736,9.62,13,0.01,0.8,2.8247524899999985,40,10000
647d6994d7cd68e7e47b7a71,5,737,9.63,13,0.01,0.8,2.8247524899999985,40,10000
647d6994d7cd68e7e47b7a72,5,738,9.63,13,0.01,0.8,2.8247524899999985,40,10000
647d6994d7cd68e7e47b7a73,5,739,9.64,13,0.01,0.8,2.8247524899999985,40,10000
647d6994d7cd68e7e47b7a74,5,740,9.63,13,0.01,0.8,2.8247524899999985,40,10000
647d6994d7cd68e7e47b7a75,5,741,9.63,13,0.01,0.8,1.9773267429999988,40,10000
647d6994d7cd68e7e47b7a76,5,742,9.62,13,0.01,0.8,1.9773267429999988,40,10000
647d6994d7cd68e7e47b7a77,5,743,9.62,13,0.01,0.8,1.9773267429999988,40,10000
647d6994d7cd68e7e47b7a78,5,744,9.61,13,0.01,0.8,1.9773267429999988,40,10000
647d6994d7cd68e7e47b7a79,5,745,9.58,13,0.01,0.8,1.9773267429999988,40,10000
647d6994d7cd68e7e47b7a7a,5,746,9.59,13,0.01,0.8,1.9773267429999988,40,10000
647d6994d7cd68e7e47b7a7b,5,747,9.59,13,0.01,0.8,1.9773267429999988,40,10000
647d6994d7cd68e7e47b7a7c,5,748,9.57,13,0.01,0.8,1.9773267429999988,40,10000
647d6994d7cd68e7e47b7a7d,5,749,9.57,13,0.01,0.8,1.9773267429999988,40,10000
647d6994d7cd68e7e47b7a7e,5,750,9.57,13,0.01,0.8,1.9773267429999988,40,10000
647d6994d7cd68e7e47b7a7f,5,751,9.59,13,0.01,0.8,1.9773267429999988,40,10000
647d6994d7cd68e7e47b7a80,5,752,9.6,13,0.01,0.8,1.9773267429999988,40,10000
647d6994d7cd68e7e47b7a81,5,753,9.59,13,0.01,0.8,1.9773267429999988,40,10000
647d6994d7cd68e7e47b7a82,5,754,9.58,13,0.01,0.8,1.9773267429999988,40,10000
647d6994d7cd68e7e47b7a83,5,755,9.57,13,0.01,0.8,1.9773267429999988,40,10000
647d6994d7cd68e7e47b7a84,5,756,9.55,13,0.01,0.8,1.9773267429999988,40,10000
647d6994d7cd68e7e47b7a85,5,757,9.56,13,0.01,0.8,1.9773267429999988,40,10000
647d6994d7cd68e7e47b7a86,5,758,9.56,13,0.01,0.8,1.9773267429999988,40,10000
647d6994d7cd68e7e47b7a87,5,759,9.56,13,0.01,0.8,1.9773267429999988,40,10000
647d6994d7cd68e7e47b7a88,5,760,9.55,13,0.01,0.8,1.9773267429999988,40,10000
647d6994d7cd68e7e47b7a89,5,761,9.56,13,0.01,0.8,1.384128720099999,40,10000
647d6994d7cd68e7e47b7a8a,5,762,9.57,13,0.01,0.8,1.384128720099999,40,10000
647d6994d7cd68e7e47b7a8b,5,763,9.61,13,0.01,0.8,1.384128720099999,40,10000
647d6994d7cd68e7e47b7a8c,5,764,9.64,13,0.01,0.8,1.384128720099999,40,10000
647d6994d7cd68e7e47b7a8d,5,765,9.64,13,0.01,0.8,1.384128720099999,40,10000
647d6994d7cd68e7e47b7a8e,5,766,9.66,13,0.01,0.8,1.384128720099999,40,10000
647d6994d7cd68e7e47b7a8f,5,767,9.66,13,0.01,0.8,1.384128720099999,40,10000
647d6994d7cd68e7e47b7a90,5,768,9.64,13,0.01,0.8,1.384128720099999,40,10000
647d6994d7cd68e7e47b7a91,5,769,9.65,13,0.01,0.8,1.384128720099999,40,10000
647d6994d7cd68e7e47b7a92,5,770,9.66,13,0.01,0.8,1.384128720099999,40,10000
647d6994d7cd68e7e47b7a93,5,771,9.67,13,0.01,0.8,1.384128720099999,40,10000
647d6994d7cd68e7e47b7a94,5,772,9.66,13,0.01,0.8,1.384128720099999,40,10000
647d6994d7cd68e7e47b7a95,5,773,9.69,13,0.01,0.8,1.384128720099999,40,10000
647d6994d7cd68e7e47b7a96,5,774,9.66,13,0.01,0.8,1.384128720099999,40,10000
647d6994d7cd68e7e47b7a97,5,775,9.64,13,0.01,0.8,1.384128720099999,40,10000
647d6994d7cd68e7e47b7a98,5,776,9.62,13,0.01,0.8,1.384128720099999,40,10000
647d6994d7cd68e7e47b7a99,5,777,9.61,13,0.01,0.8,1.384128720099999,40,10000
647d6994d7cd68e7e47b7a9a,5,778,9.61,13,0.01,0.8,1.384128720099999,40,10000
647d6994d7cd68e7e47b7a9b,5,779,9.6,13,0.01,0.8,1.384128720099999,40,10000
647d6994d7cd68e7e47b7a9c,5,780,9.6,13,0.01,0.8,1.384128720099999,40,10000
647d6994d7cd68e7e47b7a9d,5,781,9.57,12,0.01,0.8,1.0,40,10000
647d6994d7cd68e7e47b7a9e,5,782,9.57,12,0.01,0.8,1.0,40,10000
647d6994d7cd68e7e47b7a9f,5,783,9.56,12,0.01,0.8,1.0,40,10000
647d6994d7cd68e7e47b7aa0,5,784,9.57,12,0.01,0.8,1.0,40,10000
647d6994d7cd68e7e47b7aa1,5,785,9.57,12,0.01,0.8,1.0,40,10000
647d6994d7cd68e7e47b7aa2,5,786,9.56,12,0.01,0.8,1.0,40,10000
647d6994d7cd68e7e47b7aa3,5,787,9.56,12,0.01,0.8,1.0,40,10000
647d6994d7cd68e7e47b7aa4,5,788,9.55,12,0.01,0.8,1.0,40,10000
647d6994d7cd68e7e47b7aa5,5,789,9.55,12,0.01,0.8,1.0,40,10000
647d6994d7cd68e7e47b7aa6,5,790,9.56,12,0.01,0.8,1.0,40,10000
647d6994d7cd68e7e47b7aa7,5,791,9.56,12,0.01,0.8,1.0,40,10000
647d6994d7cd68e7e47b7aa8,5,792,9.55,12,0.01,0.8,1.0,40,10000
647d6994d7cd68e7e47b7aa9,5,793,9.55,12,0.01,0.8,1.0,40,10000
647d6994d7cd68e7e47b7aaa,5,794,9.53,12,0.01,0.8,1.0,40,10000
647d6994d7cd68e7e47b7aab,5,795,9.54,12,0.01,0.8,1.0,40,10000
647d6994d7cd68e7e47b7aac,5,796,9.54,12,0.01,0.8,1.0,40,10000
647d6994d7cd68e7e47b7aad,5,797,9.55,12,0.01,0.8,1.0,40,10000
647d6994d7cd68e7e47b7aae,5,798,9.52,12,0.01,0.8,1.0,40,10000
647d6994d7cd68e7e47b7aaf,5,799,9.52,12,0.01,0.8,1.0,40,10000
647d6994d7cd68e7e47b7ab0,5,800,9.51,12,0.01,0.8,1.0,40,10000
647d6994d7cd68e7e47b7ab1,5,801,9.67,26,0.01,0.8,1.0,40,10000
647d6994d7cd68e7e47b7ab2,5,802,9.77,26,0.01,0.8,1.0,40,10000
647d6994d7cd68e7e47b7ab3,5,803,9.88,26,0.01,0.8,1.0,40,10000
647d6994d7cd68e7e47b7ab4,5,804,10.07,29,0.01,0.8,1.0,40,10000
647d6994d7cd68e7e47b7ab5,5,805,10.16,29,0.01,0.8,1.0,40,10000
647d6994d7cd68e7e47b7ab6,5,806,10.25,29,0.01,0.8,1.0,40,10000
647d6994d7cd68e7e47b7ab7,5,807,10.36,29,0.01,0.8,1.0,40,10000
647d6994d7cd68e7e47b7ab8,5,808,10.51,29,0.01,0.8,1.0,40,10000
647d6994d7cd68e7e47b7ab9,5,809,10.58,29,0.01,0.8,1.0,40,10000
647d6994d7cd68e7e47b7aba,5,810,10.67,29,0.01,0.8,1.0,40,10000
647d6994d7cd68e7e47b7abb,5,811,10.75,29,0.01,0.8,1.0,40,10000
647d6994d7cd68e7e47b7abc,5,812,10.84,29,0.01,0.8,1.0,40,10000
647d6994d7cd68e7e47b7abd,5,813,11.03,29,0.01,0.8,1.0,40,10000
647d6994d7cd68e7e47b7abe,5,814,11.13,29,0.01,0.8,1.0,40,10000
647d6994d7cd68e7e47b7abf,5,815,11.31,29,0.01,0.8,1.0,40,10000
647d6994d7cd68e7e47b7ac0,5,816,11.39,29,0.01,0.8,1.0,40,10000
647d6994d7cd68e7e47b7ac1,5,817,11.54,29,0.01,0.8,1.0,40,10000
647d6994d7cd68e7e47b7ac2,5,818,11.66,29,0.01,0.8,1.0,40,10000
647d6994d7cd68e7e47b7ac3,5,819,11.82,29,0.01,0.8,1.0,40,10000
647d6994d7cd68e7e47b7ac4,5,820,11.91,29,0.01,0.8,1.0,40,10000
647d6994d7cd68e7e47b7ac5,5,821,11.93,29,0.01,0.8,1.0,40,10000
647d6994d7cd68e7e47b7ac6,5,822,11.97,29,0.01,0.8,1.0,40,10000
647d6994d7cd68e7e47b7ac7,5,823,11.97,29,0.01,0.8,1.0,40,10000
647d6994d7cd68e7e47b7ac8,5,824,12.02,29,0.01,0.8,1.0,40,10000
647d6994d7cd68e7e47b7ac9,5,825,12.07,29,0.01,0.8,1.0,40,10000
647d6994d7cd68e7e47b7aca,5,826,12.11,29,0.01,0.8,1.0,40,10000
647d6994d7cd68e7e47b7acb,5,827,12.11,29,0.01,0.8,1.0,40,10000
647d6994d7cd68e7e47b7acc,5,828,12.17,29,0.01,0.8,1.0,40,10000
647d6994d7cd68e7e47b7acd,5,829,12.2,29,0.01,0.8,1.0,40,10000
647d6994d7cd68e7e47b7ace,5,830,12.21,29,0.01,0.8,1.0,40,10000
647d6994d7cd68e7e47b7acf,5,831,12.23,29,0.01,0.8,1.0,40,10000
647d6994d7cd68e7e47b7ad0,5,832,12.27,29,0.01,0.8,1.0,40,10000
647d6994d7cd68e7e47b7ad1,5,833,12.32,29,0.01,0.8,1.0,40,10000
647d6994d7cd68e7e47b7ad2,5,834,12.37,29,0.01,0.8,1.0,40,10000
647d6994d7cd68e7e47b7ad3,5,835,12.42,29,0.01,0.8,1.0,40,10000
647d6994d7cd68e7e47b7ad4,5,836,12.42,29,0.01,0.8,1.0,40,10000
647d6994d7cd68e7e47b7ad5,5,837,12.42,29,0.01,0.8,1.0,40,10000
647d6994d7cd68e7e47b7ad6,5,838,12.49,29,0.01,0.8,1.0,40,10000
647d6994d7cd68e7e47b7ad7,5,839,12.5,29,0.01,0.8,1.0,40,10000
647d6994d7cd68e7e47b7ad8,5,840,12.54,29,0.01,0.8,1.0,40,10000
647d6994d7cd68e7e47b7ad9,5,841,12.54,29,0.01,0.8,1.0,40,10000
647d6994d7cd68e7e47b7ada,5,842,12.54,29,0.01,0.8,1.0,40,10000
647d6994d7cd68e7e47b7adb,5,843,12.54,29,0.01,0.8,1.0,40,10000
647d6994d7cd68e7e47b7adc,5,844,12.54,29,0.01,0.8,1.0,40,10000
647d6994d7cd68e7e47b7add,5,845,12.54,29,0.01,0.8,1.0,40,10000
647d6994d7cd68e7e47b7ade,5,846,12.54,29,0.01,0.8,1.0,40,10000
647d6994d7cd68e7e47b7adf,5,847,12.55,29,0.01,0.8,1.0,40,10000
647d6994d7cd68e7e47b7ae0,5,848,12.55,29,0.01,0.8,1.0,40,10000
647d6994d7cd68e7e47b7ae1,5,849,12.55,29,0.01,0.8,1.0,40,10000
647d6994d7cd68e7e47b7ae2,5,850,12.56,29,0.01,0.8,1.0,40,10000
647d6994d7cd68e7e47b7ae3,5,851,12.54,29,0.01,0.8,1.0,40,10000
647d6994d7cd68e7e47b7ae4,5,852,12.54,29,0.01,0.8,1.0,40,10000
647d6994d7cd68e7e47b7ae5,5,853,12.53,29,0.01,0.8,1.0,40,10000
647d6994d7cd68e7e47b7ae6,5,854,12.54,29,0.01,0.8,1.0,40,10000
647d6994d7cd68e7e47b7ae7,5,855,12.54,29,0.01,0.8,1.0,40,10000
647d6994d7cd68e7e47b7ae8,5,856,12.53,29,0.01,0.8,1.0,40,10000
647d6994d7cd68e7e47b7ae9,5,857,12.54,29,0.01,0.8,1.0,40,10000
647d6994d7cd68e7e47b7aea,5,858,12.53,29,0.01,0.8,1.0,40,10000
647d6994d7cd68e7e47b7aeb,5,859,12.53,29,0.01,0.8,1.0,40,10000
647d6994d7cd68e7e47b7aec,5,860,12.54,29,0.01,0.8,1.0,40,10000
647d6994d7cd68e7e47b7aed,5,861,12.71,29,0.01,0.8,1.0,40,10000
647d6994d7cd68e7e47b7aee,5,862,12.85,29,0.01,0.8,1.0,40,10000
647d6994d7cd68e7e47b7aef,5,863,13.02,29,0.01,0.8,1.0,40,10000
647d6994d7cd68e7e47b7af0,5,864,13.12,29,0.01,0.8,1.0,40,10000
647d6994d7cd68e7e47b7af1,5,865,13.36,35,0.01,0.8,1.0,40,10000
647d6994d7cd68e7e47b7af2,5,866,13.53,35,0.01,0.8,1.0,40,10000
647d6994d7cd68e7e47b7af3,5,867,13.73,35,0.01,0.8,1.0,40,10000
647d6994d7cd68e7e47b7af4,5,868,13.87,35,0.01,0.8,1.0,40,10000
647d6994d7cd68e7e47b7af5,5,869,14.01,35,0.01,0.8,1.0,40,10000
647d6994d7cd68e7e47b7af6,5,870,14.18,35,0.01,0.8,1.0,40,10000
647d6994d7cd68e7e47b7af7,5,871,14.31,35,0.01,0.8,1.0,40,10000
647d6994d7cd68e7e47b7af8,5,872,14.47,35,0.01,0.8,1.0,40,10000
647d6994d7cd68e7e47b7af9,5,873,14.63,35,0.01,0.8,1.0,40,10000
647d6994d7cd68e7e47b7afa,5,874,14.89,35,0.01,0.8,1.0,40,10000
647d6994d7cd68e7e47b7afb,5,875,15.02,35,0.01,0.8,1.0,40,10000
647d6994d7cd68e7e47b7afc,5,876,15.22,35,0.01,0.8,1.0,40,10000
647d6994d7cd68e7e47b7afd,5,877,15.59,46,0.01,0.8,1.0,40,10000
647d6994d7cd68e7e47b7afe,5,878,15.73,46,0.01,0.8,1.0,40,10000
647d6994d7cd68e7e47b7aff,5,879,15.85,46,0.01,0.8,1.0,40,10000
647d6994d7cd68e7e47b7b00,5,880,15.97,46,0.01,0.8,1.0,40,10000
647d6994d7cd68e7e47b7b01,5,881,16.3,46,0.01,0.8,1.0,40,10000
647d6994d7cd68e7e47b7b02,5,882,16.65,46,0.01,0.8,1.0,40,10000
647d6994d7cd68e7e47b7b03,5,883,16.83,46,0.01,0.8,1.0,40,10000
647d6994d7cd68e7e47b7b04,5,884,17,46,0.01,0.8,1.0,40,10000
647d6994d7cd68e7e47b7b05,5,885,17.3,46,0.01,0.8,1.0,40,10000
647d6994d7cd68e7e47b7b06,5,886,17.51,46,0.01,0.8,1.0,40,10000
647d6994d7cd68e7e47b7b07,5,887,17.8,46,0.01,0.8,1.0,40,10000
647d6994d7cd68e7e47b7b08,5,888,18.02,46,0.01,0.8,1.0,40,10000
647d6994d7cd68e7e47b7b09,5,889,18.32,46,0.01,0.8,1.0,40,10000
647d6994d7cd68e7e47b7b0a,5,890,18.53,46,0.01,0.8,1.0,40,10000
647d6994d7cd68e7e47b7b0b,5,891,19.44,101,0.01,0.8,1.0,40,10000
647d6994d7cd68e7e47b7b0c,5,892,19.77,101,0.01,0.8,1.0,40,10000
647d6994d7cd68e7e47b7b0d,5,893,20.71,103,0.01,0.8,1.0,40,10000
