5,1,35,35,0.01,0.8,70.0,40,10000
5,2,23,35,0.01,0.8,70.0,40,10000
5,3,23,35,0.01,0.8,70.0,40,10000
5,4,24,35,0.01,0.8,70.0,40,10000
5,5,22.8,35,0.01,0.8,70.0,40,10000
5,6,21.833333333333332,35,0.01,0.8,70.0,40,10000
5,7,21.142857142857142,35,0.01,0.8,70.0,40,10000
5,8,22.5,35,0.01,0.8,70.0,40,10000
5,9,23.333333333333332,35,0.01,0.8,70.0,40,10000
5,10,23.3,35,0.01,0.8,70.0,40,10000
5,11,22.181818181818183,35,0.01,0.8,70.0,40,10000
5,12,21.583333333333332,35,0.01,0.8,70.0,40,10000
5,13,20.846153846153847,35,0.01,0.8,70.0,40,10000
5,14,21.5,35,0.01,0.8,70.0,40,10000
5,15,21.866666666666667,35,0.01,0.8,70.0,40,10000
5,16,21.25,35,0.01,0.8,70.0,40,10000
5,17,20.647058823529413,35,0.01,0.8,70.0,40,10000
5,18,21.72222222222222,40,0.01,0.8,70.0,40,10000
5,19,21.42105263157895,40,0.01,0.8,70.0,40,10000
5,20,20.95,40,0.01,0.8,70.0,40,10000
5,21,20.666666666666668,40,0.01,0.8,70.0,40,10000
5,22,20.181818181818183,40,0.01,0.8,70.0,40,10000
5,23,19.91304347826087,40,0.01,0.8,70.0,40,10000
5,24,19.666666666666668,40,0.01,0.8,70.0,40,10000
5,25,19.24,40,0.01,0.8,70.0,40,10000
5,26,18.96153846153846,40,0.01,0.8,70.0,40,10000
5,27,18.703703703703702,40,0.01,0.8,70.0,40,10000
5,28,19.107142857142858,40,0.01,0.8,70.0,40,10000
5,29,19.03448275862069,40,0.01,0.8,70.0,40,10000
5,30,18.966666666666665,40,0.01,0.8,70.0,40,10000
5,31,18.838709677419356,40,0.01,0.8,70.0,40,10000
5,32,18.6875,40,0.01,0.8,70.0,40,10000
5,33,18.606060606060606,40,0.01,0.8,70.0,40,10000
5,34,18.441176470588236,40,0.01,0.8,70.0,40,10000
5,35,18.714285714285715,40,0.01,0.8,70.0,40,10000
5,36,18.47222222222222,40,0.01,0.8,70.0,40,10000
5,37,18.486486486486488,40,0.01,0.8,70.0,40,10000
5,38,18.57894736842105,40,0.01,0.8,70.0,40,10000
5,39,18.692307692307693,40,0.01,0.8,70.0,40,10000
5,40,19.175,40,0.01,0.8,70.0,40,10000
5,41,19.073170731707318,40,0.01,0.8,70.0,40,10000
5,42,18.928571428571427,40,0.01,0.8,70.0,40,10000
5,43,20,65,0.01,0.8,70.0,40,10000
5,44,19.886363636363637,65,0.01,0.8,70.0,40,10000
5,45,19.866666666666667,65,0.01,0.8,70.0,40,10000
5,46,19.630434782608695,65,0.01,0.8,70.0,40,10000
5,47,19.46808510638298,65,0.01,0.8,70.0,40,10000
5,48,19.291666666666668,65,0.01,0.8,70.0,40,10000
5,49,19.183673469387756,65,0.01,0.8,70.0,40,10000
5,50,19.02,65,0.01,0.8,70.0,40,10000
5,51,18.901960784313726,65,0.01,0.8,70.0,40,10000
5,52,18.826923076923077,65,0.01,0.8,70.0,40,10000
5,53,18.71698113207547,65,0.01,0.8,70.0,40,10000
5,54,18.59259259259259,65,0.01,0.8,70.0,40,10000
5,55,18.509090909090908,65,0.01,0.8,70.0,40,10000
5,56,18.392857142857142,65,0.01,0.8,70.0,40,10000
5,57,18.24561403508772,65,0.01,0.8,70.0,40,10000
5,58,18.517241379310345,65,0.01,0.8,70.0,40,10000
5,59,18.576271186440678,65,0.01,0.8,70.0,40,10000
5,60,18.4,65,0.01,0.8,70.0,40,10000
5,61,18.639344262295083,65,0.01,0.8,70.0,40,10000
5,62,18.532258064516128,65,0.01,0.8,70.0,40,10000
5,63,18.952380952380953,65,0.01,0.8,70.0,40,10000
5,64,18.828125,65,0.01,0.8,70.0,40,10000
5,65,18.70769230769231,65,0.01,0.8,70.0,40,10000
5,66,18.727272727272727,65,0.01,0.8,70.0,40,10000
5,67,18.65671641791045,65,0.01,0.8,70.0,40,10000
5,68,18.691176470588236,65,0.01,0.8,70.0,40,10000
5,69,18.608695652173914,65,0.01,0.8,70.0,40,10000
5,70,18.8,65,0.01,0.8,70.0,40,10000
5,71,18.95774647887324,65,0.01,0.8,70.0,40,10000
5,72,19.083333333333332,65,0.01,0.8,70.0,40,10000
5,73,18.958904109589042,65,0.01,0.8,70.0,40,10000
5,74,18.93243243243243,65,0.01,0.8,70.0,40,10000
5,75,18.893333333333334,65,0.01,0.8,70.0,40,10000
5,76,18.82894736842105,65,0.01,0.8,70.0,40,10000
5,77,18.727272727272727,65,0.01,0.8,70.0,40,10000
5,78,18.653846153846153,65,0.01,0.8,70.0,40,10000
5,79,18.556962025316455,65,0.01,0.8,70.0,40,10000
5,80,18.5,65,0.01,0.8,70.0,40,10000
5,81,18.839506172839506,65,0.01,0.8,70.0,40,10000
5,82,18.79268292682927,65,0.01,0.8,70.0,40,10000
5,83,19.240963855421686,65,0.01,0.8,70.0,40,10000
5,84,19.297619047619047,65,0.01,0.8,70.0,40,10000
5,85,19.270588235294117,65,0.01,0.8,70.0,40,10000
5,86,19.22093023255814,65,0.01,0.8,70.0,40,10000
5,87,19.149425287356323,65,0.01,0.8,70.0,40,10000
5,88,19.147727272727273,65,0.01,0.8,70.0,40,10000
5,89,19.370786516853933,65,0.01,0.8,70.0,40,10000
5,90,19.3,65,0.01,0.8,70.0,40,10000
5,91,19.318681318681318,65,0.01,0.8,70.0,40,10000
5,92,19.293478260869566,65,0.01,0.8,70.0,40,10000
5,93,19.258064516129032,65,0.01,0.8,70.0,40,10000
5,94,19.26595744680851,65,0.01,0.8,70.0,40,10000
5,95,19.2,65,0.01,0.8,70.0,40,10000
5,96,19.15625,65,0.01,0.8,70.0,40,10000
5,97,19.144329896907216,65,0.01,0.8,70.0,40,10000
5,98,19.06122448979592,65,0.01,0.8,70.0,40,10000
5,99,18.97979797979798,65,0.01,0.8,70.0,40,10000
5,100,18.94,65,0.01,0.8,70.0,40,10000
5,101,18.98,65,0.01,0.8,70.0,40,10000
5,102,19.01,65,0.01,0.8,70.0,40,10000
5,103,18.98,65,0.01,0.8,70.0,40,10000
5,104,18.83,65,0.01,0.8,70.0,40,10000
5,105,18.83,65,0.01,0.8,70.0,40,10000
5,106,18.86,65,0.01,0.8,70.0,40,10000
5,107,18.87,65,0.01,0.8,70.0,40,10000
5,108,18.66,65,0.01,0.8,70.0,40,10000
5,109,18.64,65,0.01,0.8,70.0,40,10000
5,110,18.72,65,0.01,0.8,70.0,40,10000
5,111,18.71,65,0.01,0.8,70.0,40,10000
5,112,18.71,65,0.01,0.8,70.0,40,10000
5,113,18.71,65,0.01,0.8,70.0,40,10000
5,114,18.55,65,0.01,0.8,70.0,40,10000
5,115,18.4,65,0.01,0.8,70.0,40,10000
5,116,18.74,65,0.01,0.8,70.0,40,10000
5,117,18.75,65,0.01,0.8,70.0,40,10000
5,118,18.63,65,0.01,0.8,70.0,40,10000
5,119,18.6,65,0.01,0.8,70.0,40,10000
5,120,18.69,65,0.01,0.8,70.0,40,10000
5,121,18.68,65,0.01,0.8,70.0,40,10000
5,122,18.79,65,0.01,0.8,70.0,40,10000
5,123,18.77,65,0.01,0.8,70.0,40,10000
5,124,18.78,65,0.01,0.8,70.0,40,10000
5,125,18.83,65,0.01,0.8,70.0,40,10000
5,126,18.85,65,0.01,0.8,70.0,40,10000
5,127,18.83,65,0.01,0.8,70.0,40,10000
5,128,18.7,65,0.01,0.8,70.0,40,10000
5,129,18.75,65,0.01,0.8,70.0,40,10000
5,130,18.76,65,0.01,0.8,70.0,40,10000
5,131,18.73,65,0.01,0.8,70.0,40,10000
5,132,18.74,65,0.01,0.8,70.0,40,10000
5,133,18.83,65,0.01,0.8,70.0,40,10000
5,134,18.82,65,0.01,0.8,70.0,40,10000
5,135,18.76,65,0.01,0.8,70.0,40,10000
5,136,19.23,65,0.01,0.8,70.0,40,10000
5,137,19.18,65,0.01,0.8,70.0,40,10000
5,138,19.2,65,0.01,0.8,70.0,40,10000
5,139,19.2,65,0.01,0.8,70.0,40,10000
5,140,18.98,65,0.01,0.8,70.0,40,10000
5,141,18.94,65,0.01,0.8,70.0,40,10000
5,142,19.17,65,0.01,0.8,70.0,40,10000
5,143,18.77,57,0.01,0.8,70.0,40,10000
5,144,18.7,57,0.01,0.8,70.0,40,10000
5,145,18.63,57,0.01,0.8,70.0,40,10000
5,146,18.75,57,0.01,0.8,70.0,40,10000
5,147,18.83,57,0.01,0.8,70.0,40,10000
5,148,19,57,0.01,0.8,70.0,40,10000
5,149,19.07,57,0.01,0.8,70.0,40,10000
5,150,19.11,57,0.01,0.8,70.0,40,10000
5,151,19.11,57,0.01,0.8,70.0,40,10000
5,152,19.16,57,0.01,0.8,70.0,40,10000
5,153,19.13,57,0.01,0.8,70.0,40,10000
5,154,19.22,57,0.01,0.8,70.0,40,10000
5,155,19.2,57,0.01,0.8,70.0,40,10000
5,156,19.21,57,0.01,0.8,70.0,40,10000
5,157,19.25,57,0.01,0.8,70.0,40,10000
5,158,19.03,57,0.01,0.8,70.0,40,10000
5,159,18.94,57,0.01,0.8,70.0,40,10000
5,160,19.01,57,0.01,0.8,70.0,40,10000
5,161,18.84,57,0.01,0.8,70.0,40,10000
5,162,18.81,57,0.01,0.8,70.0,40,10000
5,163,18.47,57,0.01,0.8,70.0,40,10000
5,164,18.49,57,0.01,0.8,70.0,40,10000
5,165,18.55,57,0.01,0.8,70.0,40,10000
5,166,18.6,57,0.01,0.8,70.0,40,10000
5,167,18.57,57,0.01,0.8,70.0,40,10000
5,168,18.48,57,0.01,0.8,70.0,40,10000
5,169,18.48,57,0.01,0.8,70.0,40,10000
5,170,18.33,57,0.01,0.8,70.0,40,10000
5,171,18.16,57,0.01,0.8,70.0,40,10000
5,172,17.98,57,0.01,0.8,70.0,40,10000
5,173,18.1,57,0.01,0.8,70.0,40,10000
5,174,18.09,57,0.01,0.8,70.0,40,10000
5,175,18.12,57,0.01,0.8,70.0,40,10000
5,176,18.15,57,0.01,0.8,70.0,40,10000
5,177,18.22,57,0.01,0.8,70.0,40,10000
5,178,18.39,57,0.01,0.8,70.0,40,10000
5,179,18.52,57,0.01,0.8,70.0,40,10000
5,180,18.61,57,0.01,0.8,70.0,40,10000
5,181,18.4,57,0.01,0.8,70.0,40,10000
5,182,18.72,57,0.01,0.8,70.0,40,10000
5,183,18.26,57,0.01,0.8,70.0,40,10000
5,184,18.15,57,0.01,0.8,70.0,40,10000
5,185,18.1,57,0.01,0.8,70.0,40,10000
5,186,18.04,57,0.01,0.8,70.0,40,10000
5,187,18.06,57,0.01,0.8,70.0,40,10000
5,188,18.12,57,0.01,0.8,70.0,40,10000
5,189,18.08,57,0.01,0.8,70.0,40,10000
5,190,18.06,57,0.01,0.8,70.0,40,10000
5,191,18.02,57,0.01,0.8,70.0,40,10000
5,192,18.02,57,0.01,0.8,70.0,40,10000
5,193,17.98,57,0.01,0.8,70.0,40,10000
5,194,17.93,57,0.01,0.8,70.0,40,10000
5,195,17.98,57,0.01,0.8,70.0,40,10000
5,196,17.98,57,0.01,0.8,70.0,40,10000
5,197,17.94,57,0.01,0.8,70.0,40,10000
5,198,18.03,57,0.01,0.8,70.0,40,10000
5,199,18.08,57,0.01,0.8,70.0,40,10000
5,200,18.05,57,0.01,0.8,70.0,40,10000
5,201,17.82,57,0.01,0.8,70.0,40,10000
5,202,17.81,57,0.01,0.8,70.0,40,10000
5,203,17.8,57,0.01,0.8,70.0,40,10000
5,204,17.83,57,0.01,0.8,70.0,40,10000
5,205,17.76,57,0.01,0.8,70.0,40,10000
5,206,17.69,57,0.01,0.8,70.0,40,10000
5,207,17.68,57,0.01,0.8,70.0,40,10000
5,208,17.68,57,0.01,0.8,70.0,40,10000
5,209,17.59,57,0.01,0.8,70.0,40,10000
5,210,17.55,57,0.01,0.8,70.0,40,10000
5,211,17.59,57,0.01,0.8,70.0,40,10000
5,212,17.56,57,0.01,0.8,70.0,40,10000
5,213,17.58,57,0.01,0.8,70.0,40,10000
5,214,17.56,57,0.01,0.8,70.0,40,10000
5,215,17.59,57,0.01,0.8,70.0,40,10000
5,216,17.25,57,0.01,0.8,70.0,40,10000
5,217,17.23,57,0.01,0.8,70.0,40,10000
5,218,17.07,57,0.01,0.8,70.0,40,10000
5,219,17.23,57,0.01,0.8,70.0,40,10000
5,220,17.11,57,0.01,0.8,70.0,40,10000
5,221,17.07,57,0.01,0.8,70.0,40,10000
5,222,16.97,57,0.01,0.8,70.0,40,10000
5,223,16.95,57,0.01,0.8,70.0,40,10000
5,224,16.93,57,0.01,0.8,70.0,40,10000
5,225,16.96,57,0.01,0.8,70.0,40,10000
5,226,16.98,57,0.01,0.8,70.0,40,10000
5,227,17.07,57,0.01,0.8,70.0,40,10000
5,228,17.02,57,0.01,0.8,70.0,40,10000
5,229,16.98,57,0.01,0.8,70.0,40,10000
5,230,17.37,57,0.01,0.8,70.0,40,10000
5,231,17.65,57,0.01,0.8,70.0,40,10000
5,232,17.6,57,0.01,0.8,70.0,40,10000
5,233,17.47,57,0.01,0.8,70.0,40,10000
5,234,17.46,57,0.01,0.8,70.0,40,10000
5,235,17.44,57,0.01,0.8,70.0,40,10000
5,236,17.1,57,0.01,0.8,70.0,40,10000
5,237,17.25,57,0.01,0.8,70.0,40,10000
5,238,17.18,57,0.01,0.8,70.0,40,10000
5,239,17.11,57,0.01,0.8,70.0,40,10000
5,240,17.16,57,0.01,0.8,70.0,40,10000
5,241,17.15,57,0.01,0.8,70.0,40,10000
5,242,16.96,57,0.01,0.8,70.0,40,10000
5,243,16.86,57,0.01,0.8,70.0,40,10000
5,244,17.17,57,0.01,0.8,70.0,40,10000
5,245,17.2,57,0.01,0.8,70.0,40,10000
5,246,17.09,57,0.01,0.8,70.0,40,10000
5,247,17.28,57,0.01,0.8,70.0,40,10000
5,248,17.2,57,0.01,0.8,70.0,40,10000
5,249,17.14,57,0.01,0.8,70.0,40,10000
5,250,17.09,57,0.01,0.8,70.0,40,10000
5,251,17.1,57,0.01,0.8,70.0,40,10000
5,252,17.04,57,0.01,0.8,70.0,40,10000
5,253,17.25,57,0.01,0.8,70.0,40,10000
5,254,17.42,57,0.01,0.8,70.0,40,10000
5,255,17.42,57,0.01,0.8,70.0,40,10000
5,256,17.41,57,0.01,0.8,70.0,40,10000
5,257,17.4,57,0.01,0.8,70.0,40,10000
5,258,17.38,57,0.01,0.8,70.0,40,10000
5,259,17.46,57,0.01,0.8,70.0,40,10000
5,260,17.46,57,0.01,0.8,70.0,40,10000
5,261,17.39,57,0.01,0.8,70.0,40,10000
5,262,17.49,57,0.01,0.8,70.0,40,10000
5,263,17.58,57,0.01,0.8,70.0,40,10000
5,264,17.72,57,0.01,0.8,70.0,40,10000
5,265,17.7,57,0.01,0.8,70.0,40,10000
5,266,17.94,57,0.01,0.8,70.0,40,10000
5,267,18.08,57,0.01,0.8,70.0,40,10000
5,268,18.1,57,0.01,0.8,70.0,40,10000
5,269,18.06,57,0.01,0.8,70.0,40,10000
5,270,18.01,57,0.01,0.8,70.0,40,10000
5,271,18.02,57,0.01,0.8,70.0,40,10000
5,272,18.05,57,0.01,0.8,70.0,40,10000
5,273,17.95,57,0.01,0.8,70.0,40,10000
5,274,17.93,57,0.01,0.8,70.0,40,10000
5,275,17.91,57,0.01,0.8,70.0,40,10000
5,276,17.92,57,0.01,0.8,70.0,40,10000
5,277,17.91,57,0.01,0.8,70.0,40,10000
5,278,17.73,57,0.01,0.8,70.0,40,10000
5,279,17.72,57,0.01,0.8,70.0,40,10000
5,280,17.97,57,0.01,0.8,70.0,40,10000
5,281,17.86,57,0.01,0.8,70.0,40,10000
5,282,17.64,57,0.01,0.8,70.0,40,10000
5,283,17.69,57,0.01,0.8,70.0,40,10000
5,284,17.67,57,0.01,0.8,70.0,40,10000
5,285,17.75,57,0.01,0.8,70.0,40,10000
5,286,17.95,57,0.01,0.8,70.0,40,10000
5,287,17.92,57,0.01,0.8,70.0,40,10000
5,288,17.87,57,0.01,0.8,70.0,40,10000
5,289,17.71,57,0.01,0.8,70.0,40,10000
5,290,17.71,57,0.01,0.8,70.0,40,10000
5,291,17.66,57,0.01,0.8,70.0,40,10000
5,292,17.83,57,0.01,0.8,70.0,40,10000
5,293,17.84,57,0.01,0.8,70.0,40,10000
5,294,17.84,57,0.01,0.8,70.0,40,10000
5,295,17.85,57,0.01,0.8,70.0,40,10000
5,296,17.81,57,0.01,0.8,70.0,40,10000
5,297,17.89,57,0.01,0.8,70.0,40,10000
5,298,17.8,57,0.01,0.8,70.0,40,10000
5,299,17.8,57,0.01,0.8,70.0,40,10000
5,300,18.01,57,0.01,0.8,70.0,40,10000
5,301,18.01,57,0.01,0.8,70.0,40,10000
5,302,18.05,57,0.01,0.8,70.0,40,10000
5,303,17.97,57,0.01,0.8,70.0,40,10000
5,304,17.95,57,0.01,0.8,70.0,40,10000
5,305,18.12,57,0.01,0.8,70.0,40,10000
5,306,18.11,57,0.01,0.8,70.0,40,10000
5,307,18.05,57,0.01,0.8,70.0,40,10000
5,308,18.09,57,0.01,0.8,70.0,40,10000
5,309,18.11,57,0.01,0.8,70.0,40,10000
5,310,18.03,57,0.01,0.8,70.0,40,10000
5,311,17.98,57,0.01,0.8,70.0,40,10000
5,312,17.97,57,0.01,0.8,70.0,40,10000
5,313,17.95,57,0.01,0.8,70.0,40,10000
5,314,18.1,57,0.01,0.8,70.0,40,10000
5,315,18.11,57,0.01,0.8,70.0,40,10000
5,316,18.14,57,0.01,0.8,70.0,40,10000
5,317,18.42,57,0.01,0.8,70.0,40,10000
5,318,18.55,57,0.01,0.8,70.0,40,10000
5,319,18.49,57,0.01,0.8,70.0,40,10000
5,320,18.54,57,0.01,0.8,70.0,40,10000
5,321,18.57,57,0.01,0.8,70.0,40,10000
5,322,18.57,57,0.01,0.8,70.0,40,10000
5,323,18.59,57,0.01,0.8,70.0,40,10000
5,324,18.64,57,0.01,0.8,70.0,40,10000
5,325,18.73,57,0.01,0.8,70.0,40,10000
5,326,18.67,57,0.01,0.8,70.0,40,10000
5,327,18.7,57,0.01,0.8,70.0,40,10000
5,328,18.78,57,0.01,0.8,70.0,40,10000
5,329,18.71,57,0.01,0.8,70.0,40,10000
5,330,18.26,49,0.01,0.8,70.0,40,10000
5,331,18.01,49,0.01,0.8,70.0,40,10000
5,332,18.07,49,0.01,0.8,70.0,40,10000
5,333,18.07,49,0.01,0.8,70.0,40,10000
5,334,18.18,49,0.01,0.8,70.0,40,10000
5,335,18.11,49,0.01,0.8,70.0,40,10000
5,336,17.97,49,0.01,0.8,70.0,40,10000
5,337,17.77,49,0.01,0.8,70.0,40,10000
5,338,17.79,49,0.01,0.8,70.0,40,10000
5,339,17.78,49,0.01,0.8,70.0,40,10000
5,340,17.69,49,0.01,0.8,70.0,40,10000
5,341,17.69,49,0.01,0.8,70.0,40,10000
5,342,17.68,49,0.01,0.8,70.0,40,10000
5,343,17.68,49,0.01,0.8,70.0,40,10000
5,344,17.43,49,0.01,0.8,70.0,40,10000
5,345,17.5,49,0.01,0.8,70.0,40,10000
5,346,17.5,49,0.01,0.8,70.0,40,10000
5,347,17.26,49,0.01,0.8,70.0,40,10000
5,348,17.16,49,0.01,0.8,70.0,40,10000
5,349,17.17,49,0.01,0.8,70.0,40,10000
5,350,17.35,49,0.01,0.8,70.0,40,10000
5,351,17.41,49,0.01,0.8,70.0,40,10000
5,352,17.6,49,0.01,0.8,70.0,40,10000
5,353,17.59,49,0.01,0.8,70.0,40,10000
5,354,17.33,49,0.01,0.8,70.0,40,10000
5,355,17.36,49,0.01,0.8,70.0,40,10000
5,356,17.39,49,0.01,0.8,70.0,40,10000
5,357,17.37,49,0.01,0.8,70.0,40,10000
5,358,17.39,49,0.01,0.8,70.0,40,10000
5,359,17.34,49,0.01,0.8,70.0,40,10000
5,360,17.44,49,0.01,0.8,70.0,40,10000
5,361,17.49,49,0.01,0.8,70.0,40,10000
5,362,17.49,49,0.01,0.8,70.0,40,10000
5,363,17.47,49,0.01,0.8,70.0,40,10000
5,364,17.3,49,0.01,0.8,70.0,40,10000
5,365,17.29,49,0.01,0.8,70.0,40,10000
5,366,16.94,48,0.01,0.8,70.0,40,10000
5,367,16.84,48,0.01,0.8,70.0,40,10000
5,368,16.87,48,0.01,0.8,70.0,40,10000
5,369,16.91,48,0.01,0.8,70.0,40,10000
5,370,17.13,48,0.01,0.8,70.0,40,10000
5,371,17.1,48,0.01,0.8,70.0,40,10000
5,372,17.16,48,0.01,0.8,70.0,40,10000
5,373,17.13,48,0.01,0.8,70.0,40,10000
5,374,17.13,48,0.01,0.8,70.0,40,10000
5,375,17.12,48,0.01,0.8,70.0,40,10000
5,376,17.09,48,0.01,0.8,70.0,40,10000
5,377,17.01,48,0.01,0.8,70.0,40,10000
5,378,17.16,48,0.01,0.8,70.0,40,10000
5,379,17.17,48,0.01,0.8,70.0,40,10000
5,380,16.86,38,0.01,0.8,70.0,40,10000
5,381,16.95,38,0.01,0.8,70.0,40,10000
5,382,16.88,38,0.01,0.8,70.0,40,10000
5,383,16.98,38,0.01,0.8,70.0,40,10000
5,384,17.01,38,0.01,0.8,70.0,40,10000
5,385,16.94,38,0.01,0.8,70.0,40,10000
5,386,16.97,38,0.01,0.8,70.0,40,10000
5,387,17.13,38,0.01,0.8,70.0,40,10000
5,388,17.03,38,0.01,0.8,70.0,40,10000
5,389,16.99,38,0.01,0.8,70.0,40,10000
5,390,17.05,38,0.01,0.8,70.0,40,10000
5,391,17.06,38,0.01,0.8,70.0,40,10000
5,392,16.88,38,0.01,0.8,70.0,40,10000
5,393,16.97,38,0.01,0.8,70.0,40,10000
5,394,17.02,38,0.01,0.8,70.0,40,10000
5,395,16.96,38,0.01,0.8,70.0,40,10000
5,396,16.96,38,0.01,0.8,70.0,40,10000
5,397,16.94,38,0.01,0.8,70.0,40,10000
5,398,17.01,38,0.01,0.8,70.0,40,10000
5,399,16.95,38,0.01,0.8,70.0,40,10000
5,400,16.74,38,0.01,0.8,70.0,40,10000
5,401,16.67,38,0.01,0.8,70.0,40,10000
5,402,16.83,38,0.01,0.8,70.0,40,10000
5,403,16.9,38,0.01,0.8,70.0,40,10000
5,404,16.91,38,0.01,0.8,70.0,40,10000
5,405,16.77,38,0.01,0.8,70.0,40,10000
5,406,16.98,38,0.01,0.8,70.0,40,10000
5,407,16.98,38,0.01,0.8,70.0,40,10000
5,408,16.97,38,0.01,0.8,70.0,40,10000
5,409,16.94,38,0.01,0.8,70.0,40,10000
5,410,16.91,38,0.01,0.8,70.0,40,10000
5,411,16.99,38,0.01,0.8,70.0,40,10000
5,412,16.97,38,0.01,0.8,70.0,40,10000
5,413,17.01,38,0.01,0.8,70.0,40,10000
5,414,16.92,38,0.01,0.8,70.0,40,10000
5,415,16.87,38,0.01,0.8,70.0,40,10000
5,416,16.82,38,0.01,0.8,70.0,40,10000
5,417,16.61,34,0.01,0.8,70.0,40,10000
5,418,16.7,34,0.01,0.8,70.0,40,10000
5,419,16.57,34,0.01,0.8,70.0,40,10000
5,420,16.6,34,0.01,0.8,70.0,40,10000
5,421,16.72,34,0.01,0.8,70.0,40,10000
5,422,16.74,34,0.01,0.8,70.0,40,10000
5,423,16.81,34,0.01,0.8,70.0,40,10000
5,424,17.21,58,0.01,0.8,70.0,40,10000
5,425,17.1,58,0.01,0.8,70.0,40,10000
5,426,17.14,58,0.01,0.8,70.0,40,10000
5,427,17.02,58,0.01,0.8,70.0,40,10000
5,428,16.91,58,0.01,0.8,70.0,40,10000
5,429,16.91,58,0.01,0.8,70.0,40,10000
5,430,17.06,58,0.01,0.8,70.0,40,10000
5,431,17.11,58,0.01,0.8,70.0,40,10000
5,432,17.12,58,0.01,0.8,70.0,40,10000
5,433,17.28,58,0.01,0.8,70.0,40,10000
5,434,17.38,58,0.01,0.8,70.0,40,10000
5,435,17.43,58,0.01,0.8,70.0,40,10000
5,436,17.49,58,0.01,0.8,70.0,40,10000
5,437,17.52,58,0.01,0.8,70.0,40,10000
5,438,17.47,58,0.01,0.8,70.0,40,10000
5,439,17.42,58,0.01,0.8,70.0,40,10000
5,440,17.42,58,0.01,0.8,70.0,40,10000
5,441,17.46,58,0.01,0.8,70.0,40,10000
5,442,17.42,58,0.01,0.8,70.0,40,10000
5,443,17.38,58,0.01,0.8,70.0,40,10000
5,444,17.36,58,0.01,0.8,70.0,40,10000
5,445,17.29,58,0.01,0.8,70.0,40,10000
5,446,17.38,58,0.01,0.8,70.0,40,10000
5,447,17.41,58,0.01,0.8,70.0,40,10000
5,448,17.4,58,0.01,0.8,70.0,40,10000
5,449,17.37,58,0.01,0.8,70.0,40,10000
5,450,17.22,58,0.01,0.8,70.0,40,10000
5,451,17.18,58,0.01,0.8,70.0,40,10000
5,452,16.98,58,0.01,0.8,70.0,40,10000
5,453,16.84,58,0.01,0.8,70.0,40,10000
5,454,16.94,58,0.01,0.8,70.0,40,10000
5,455,16.97,58,0.01,0.8,70.0,40,10000
5,456,16.98,58,0.01,0.8,70.0,40,10000
5,457,17.1,58,0.01,0.8,70.0,40,10000
5,458,17.1,58,0.01,0.8,70.0,40,10000
5,459,17.05,58,0.01,0.8,70.0,40,10000
5,460,16.92,58,0.01,0.8,70.0,40,10000
5,461,16.99,58,0.01,0.8,70.0,40,10000
5,462,16.9,58,0.01,0.8,70.0,40,10000
5,463,16.98,58,0.01,0.8,70.0,40,10000
5,464,16.99,58,0.01,0.8,70.0,40,10000
5,465,16.97,58,0.01,0.8,70.0,40,10000
5,466,17.02,58,0.01,0.8,70.0,40,10000
5,467,16.97,58,0.01,0.8,70.0,40,10000
5,468,17.07,58,0.01,0.8,70.0,40,10000
5,469,17.05,58,0.01,0.8,70.0,40,10000
5,470,16.86,58,0.01,0.8,70.0,40,10000
5,471,16.94,58,0.01,0.8,70.0,40,10000
5,472,16.94,58,0.01,0.8,70.0,40,10000
5,473,17.13,58,0.01,0.8,70.0,40,10000
5,474,17.17,58,0.01,0.8,70.0,40,10000
5,475,17.14,58,0.01,0.8,70.0,40,10000
5,476,17.72,73,0.01,0.8,70.0,40,10000
5,477,17.85,73,0.01,0.8,70.0,40,10000
5,478,17.98,73,0.01,0.8,70.0,40,10000
5,479,17.85,73,0.01,0.8,70.0,40,10000
5,480,17.87,73,0.01,0.8,70.0,40,10000
5,481,17.83,73,0.01,0.8,70.0,40,10000
5,482,17.89,73,0.01,0.8,70.0,40,10000
5,483,17.75,73,0.01,0.8,70.0,40,10000
5,484,17.78,73,0.01,0.8,70.0,40,10000
5,485,18.34,73,0.01,0.8,70.0,40,10000
5,486,18.14,73,0.01,0.8,70.0,40,10000
5,487,18.01,73,0.01,0.8,70.0,40,10000
5,488,18.19,73,0.01,0.8,70.0,40,10000
5,489,18.17,73,0.01,0.8,70.0,40,10000
5,490,18.16,73,0.01,0.8,70.0,40,10000
5,491,18.32,73,0.01,0.8,70.0,40,10000
5,492,18.26,73,0.01,0.8,70.0,40,10000
5,493,18.35,73,0.01,0.8,70.0,40,10000
5,494,18.31,73,0.01,0.8,70.0,40,10000
5,495,18.35,73,0.01,0.8,70.0,40,10000
5,496,18.43,73,0.01,0.8,70.0,40,10000
5,497,18.38,73,0.01,0.8,70.0,40,10000
5,498,18.38,73,0.01,0.8,70.0,40,10000
5,499,18.4,73,0.01,0.8,70.0,40,10000
5,500,18.4,73,0.01,0.8,70.0,40,10000
5,501,18.43,73,0.01,0.8,70.0,40,10000
5,502,18.22,73,0.01,0.8,70.0,40,10000
5,503,18.31,73,0.01,0.8,70.0,40,10000
5,504,18.45,73,0.01,0.8,70.0,40,10000
5,505,18.85,73,0.01,0.8,70.0,40,10000
5,506,18.64,73,0.01,0.8,70.0,40,10000
5,507,18.69,73,0.01,0.8,70.0,40,10000
5,508,18.76,73,0.01,0.8,70.0,40,10000
5,509,18.73,73,0.01,0.8,70.0,40,10000
5,510,18.68,73,0.01,0.8,70.0,40,10000
5,511,18.64,73,0.01,0.8,70.0,40,10000
5,512,18.66,73,0.01,0.8,70.0,40,10000
5,513,18.61,73,0.01,0.8,70.0,40,10000
5,514,18.97,73,0.01,0.8,70.0,40,10000
5,515,19.05,73,0.01,0.8,70.0,40,10000
5,516,19.08,73,0.01,0.8,70.0,40,10000
5,517,19.06,73,0.01,0.8,70.0,40,10000
5,518,18.81,73,0.01,0.8,70.0,40,10000
5,519,19,73,0.01,0.8,70.0,40,10000
5,520,19,73,0.01,0.8,70.0,40,10000
5,521,18.86,73,0.01,0.8,70.0,40,10000
5,522,19.31,73,0.01,0.8,70.0,40,10000
5,523,19.36,73,0.01,0.8,70.0,40,10000
5,524,18.91,73,0.01,0.8,70.0,40,10000
5,525,18.87,73,0.01,0.8,70.0,40,10000
5,526,18.9,73,0.01,0.8,70.0,40,10000
5,527,18.96,73,0.01,0.8,70.0,40,10000
5,528,19,73,0.01,0.8,70.0,40,10000
5,529,18.99,73,0.01,0.8,70.0,40,10000
5,530,18.89,73,0.01,0.8,70.0,40,10000
5,531,18.87,73,0.01,0.8,70.0,40,10000
5,532,18.8,73,0.01,0.8,70.0,40,10000
5,533,18.62,73,0.01,0.8,70.0,40,10000
5,534,18.41,73,0.01,0.8,70.0,40,10000
5,535,18.6,73,0.01,0.8,70.0,40,10000
5,536,18.55,73,0.01,0.8,70.0,40,10000
5,537,18.52,73,0.01,0.8,70.0,40,10000
5,538,18.73,73,0.01,0.8,70.0,40,10000
5,539,18.83,73,0.01,0.8,70.0,40,10000
5,540,18.88,73,0.01,0.8,70.0,40,10000
5,541,18.87,73,0.01,0.8,70.0,40,10000
5,542,18.9,73,0.01,0.8,70.0,40,10000
5,543,18.95,73,0.01,0.8,70.0,40,10000
5,544,19.02,73,0.01,0.8,70.0,40,10000
5,545,18.97,73,0.01,0.8,70.0,40,10000
5,546,19.01,73,0.01,0.8,70.0,40,10000
5,547,19.01,73,0.01,0.8,70.0,40,10000
5,548,19.19,73,0.01,0.8,70.0,40,10000
5,549,19.18,73,0.01,0.8,70.0,40,10000
5,550,19.16,73,0.01,0.8,70.0,40,10000
5,551,19.12,73,0.01,0.8,70.0,40,10000
5,552,19.33,73,0.01,0.8,70.0,40,10000
5,553,19.32,73,0.01,0.8,70.0,40,10000
5,554,19.19,73,0.01,0.8,70.0,40,10000
5,555,19.23,73,0.01,0.8,70.0,40,10000
5,556,19.24,73,0.01,0.8,70.0,40,10000
5,557,19.24,73,0.01,0.8,70.0,40,10000
5,558,19.27,73,0.01,0.8,70.0,40,10000
5,559,19.33,73,0.01,0.8,70.0,40,10000
5,560,19.35,73,0.01,0.8,70.0,40,10000
5,561,19.23,73,0.01,0.8,48.99999999999999,40,10000
5,562,19.24,73,0.01,0.8,48.99999999999999,40,10000
5,563,19.09,73,0.01,0.8,48.99999999999999,40,10000
5,564,19.13,73,0.01,0.8,48.99999999999999,40,10000
5,565,19.24,73,0.01,0.8,48.99999999999999,40,10000
5,566,19.18,73,0.01,0.8,48.99999999999999,40,10000
5,567,19.5,73,0.01,0.8,48.99999999999999,40,10000
5,568,19.39,73,0.01,0.8,48.99999999999999,40,10000
5,569,19.37,73,0.01,0.8,48.99999999999999,40,10000
5,570,19.32,73,0.01,0.8,48.99999999999999,40,10000
5,571,19.27,73,0.01,0.8,48.99999999999999,40,10000
5,572,19.21,73,0.01,0.8,48.99999999999999,40,10000
5,573,19.04,73,0.01,0.8,48.99999999999999,40,10000
5,574,18.97,73,0.01,0.8,48.99999999999999,40,10000
5,575,19.08,73,0.01,0.8,48.99999999999999,40,10000
5,576,18.45,69,0.01,0.8,48.99999999999999,40,10000
5,577,18.44,69,0.01,0.8,48.99999999999999,40,10000
5,578,18.16,69,0.01,0.8,48.99999999999999,40,10000
5,579,18.16,69,0.01,0.8,48.99999999999999,40,10000
5,580,18.1,69,0.01,0.8,48.99999999999999,40,10000
5,581,18.03,69,0.01,0.8,34.29999999999999,40,10000
5,582,17.92,69,0.01,0.8,34.29999999999999,40,10000
5,583,17.92,69,0.01,0.8,34.29999999999999,40,10000
5,584,17.84,69,0.01,0.8,34.29999999999999,40,10000
5,585,17.29,58,0.01,0.8,34.29999999999999,40,10000
5,586,17.27,58,0.01,0.8,34.29999999999999,40,10000
5,587,17.27,58,0.01,0.8,34.29999999999999,40,10000
5,588,17.1,58,0.01,0.8,34.29999999999999,40,10000
5,589,17.09,58,0.01,0.8,34.29999999999999,40,10000
5,590,17.07,58,0.01,0.8,34.29999999999999,40,10000
5,591,16.89,58,0.01,0.8,34.29999999999999,40,10000
5,592,16.92,58,0.01,0.8,34.29999999999999,40,10000
5,593,16.73,58,0.01,0.8,34.29999999999999,40,10000
5,594,16.7,58,0.01,0.8,34.29999999999999,40,10000
5,595,16.67,58,0.01,0.8,34.29999999999999,40,10000
5,596,16.58,58,0.01,0.8,34.29999999999999,40,10000
5,597,16.53,58,0.01,0.8,34.29999999999999,40,10000
5,598,16.45,58,0.01,0.8,34.29999999999999,40,10000
5,599,16.52,58,0.01,0.8,34.29999999999999,40,10000
5,600,16.55,58,0.01,0.8,34.29999999999999,40,10000
5,601,16.52,58,0.01,0.8,24.00999999999999,40,10000
5,602,16.5,58,0.01,0.8,24.00999999999999,40,10000
5,603,16.35,58,0.01,0.8,24.00999999999999,40,10000
5,604,16.2,58,0.01,0.8,24.00999999999999,40,10000
5,605,15.82,58,0.01,0.8,24.00999999999999,40,10000
5,606,15.79,58,0.01,0.8,24.00999999999999,40,10000
5,607,15.74,58,0.01,0.8,24.00999999999999,40,10000
5,608,15.63,58,0.01,0.8,24.00999999999999,40,10000
5,609,15.64,58,0.01,0.8,24.00999999999999,40,10000
5,610,15.63,58,0.01,0.8,24.00999999999999,40,10000
5,611,15.62,58,0.01,0.8,24.00999999999999,40,10000
5,612,15.64,58,0.01,0.8,24.00999999999999,40,10000
5,613,15.61,58,0.01,0.8,24.00999999999999,40,10000
5,614,15.17,58,0.01,0.8,24.00999999999999,40,10000
5,615,15.07,58,0.01,0.8,24.00999999999999,40,10000
5,616,15.12,58,0.01,0.8,24.00999999999999,40,10000
5,617,15.07,58,0.01,0.8,24.00999999999999,40,10000
5,618,15.08,58,0.01,0.8,24.00999999999999,40,10000
5,619,14.91,58,0.01,0.8,24.00999999999999,40,10000
5,620,14.85,58,0.01,0.8,24.00999999999999,40,10000
5,621,14.86,58,0.01,0.8,16.806999999999995,40,10000
5,622,14.38,42,0.01,0.8,16.806999999999995,40,10000
5,623,14.25,42,0.01,0.8,16.806999999999995,40,10000
5,624,14.25,42,0.01,0.8,16.806999999999995,40,10000
5,625,14.25,42,0.01,0.8,16.806999999999995,40,10000
5,626,14.17,42,0.01,0.8,16.806999999999995,40,10000
5,627,14.13,42,0.01,0.8,16.806999999999995,40,10000
5,628,14.12,42,0.01,0.8,16.806999999999995,40,10000
5,629,14.12,42,0.01,0.8,16.806999999999995,40,10000
5,630,14.04,42,0.01,0.8,16.806999999999995,40,10000
5,631,13.96,42,0.01,0.8,16.806999999999995,40,10000
5,632,13.98,42,0.01,0.8,16.806999999999995,40,10000
5,633,13.99,42,0.01,0.8,16.806999999999995,40,10000
5,634,13.98,42,0.01,0.8,16.806999999999995,40,10000
5,635,13.69,42,0.01,0.8,16.806999999999995,40,10000
5,636,13.73,42,0.01,0.8,16.806999999999995,40,10000
5,637,13.73,42,0.01,0.8,16.806999999999995,40,10000
5,638,13.46,42,0.01,0.8,16.806999999999995,40,10000
5,639,13.36,42,0.01,0.8,16.806999999999995,40,10000
5,640,13.3,42,0.01,0.8,16.806999999999995,40,10000
5,641,13.27,42,0.01,0.8,11.764899999999995,40,10000
5,642,13.23,42,0.01,0.8,11.764899999999995,40,10000
5,643,13.16,42,0.01,0.8,11.764899999999995,40,10000
5,644,13.07,42,0.01,0.8,11.764899999999995,40,10000
5,645,13.09,42,0.01,0.8,11.764899999999995,40,10000
5,646,12.95,42,0.01,0.8,11.764899999999995,40,10000
5,647,12.86,42,0.01,0.8,11.764899999999995,40,10000
5,648,12.69,42,0.01,0.8,11.764899999999995,40,10000
5,649,12.66,42,0.01,0.8,11.764899999999995,40,10000
5,650,12.64,42,0.01,0.8,11.764899999999995,40,10000
5,651,12.6,42,0.01,0.8,11.764899999999995,40,10000
5,652,12.34,42,0.01,0.8,11.764899999999995,40,10000
5,653,12.3,42,0.01,0.8,11.764899999999995,40,10000
5,654,12.31,42,0.01,0.8,11.764899999999995,40,10000
5,655,12.19,42,0.01,0.8,11.764899999999995,40,10000
5,656,12.14,42,0.01,0.8,11.764899999999995,40,10000
5,657,11.99,42,0.01,0.8,11.764899999999995,40,10000
5,658,11.93,42,0.01,0.8,11.764899999999995,40,10000
5,659,11.86,42,0.01,0.8,11.764899999999995,40,10000
5,660,11.82,42,0.01,0.8,11.764899999999995,40,10000
5,661,11.82,42,0.01,0.8,8.235429999999996,40,10000
5,662,11.79,42,0.01,0.8,8.235429999999996,40,10000
5,663,11.76,42,0.01,0.8,8.235429999999996,40,10000
5,664,11.7,42,0.01,0.8,8.235429999999996,40,10000
5,665,11.58,42,0.01,0.8,8.235429999999996,40,10000
5,666,11.55,42,0.01,0.8,8.235429999999996,40,10000
5,667,11.23,24,0.01,0.8,8.235429999999996,40,10000
5,668,11.19,24,0.01,0.8,8.235429999999996,40,10000
5,669,11.2,24,0.01,0.8,8.235429999999996,40,10000
5,670,11.19,24,0.01,0.8,8.235429999999996,40,10000
5,671,11.14,24,0.01,0.8,8.235429999999996,40,10000
5,672,11.11,24,0.01,0.8,8.235429999999996,40,10000
5,673,11.08,24,0.01,0.8,8.235429999999996,40,10000
5,674,11.08,24,0.01,0.8,8.235429999999996,40,10000
5,675,10.96,21,0.01,0.8,8.235429999999996,40,10000
5,676,10.97,21,0.01,0.8,8.235429999999996,40,10000
5,677,10.86,19,0.01,0.8,8.235429999999996,40,10000
5,678,10.84,19,0.01,0.8,8.235429999999996,40,10000
5,679,10.83,19,0.01,0.8,8.235429999999996,40,10000
5,680,10.79,19,0.01,0.8,8.235429999999996,40,10000
5,681,10.8,19,0.01,0.8,5.764800999999997,40,10000
5,682,10.76,19,0.01,0.8,5.764800999999997,40,10000
5,683,10.75,19,0.01,0.8,5.764800999999997,40,10000
5,684,10.74,19,0.01,0.8,5.764800999999997,40,10000
5,685,10.7,19,0.01,0.8,5.764800999999997,40,10000
5,686,10.69,19,0.01,0.8,5.764800999999997,40,10000
5,687,10.64,19,0.01,0.8,5.764800999999997,40,10000
5,688,10.65,19,0.01,0.8,5.764800999999997,40,10000
5,689,10.63,19,0.01,0.8,5.764800999999997,40,10000
5,690,10.58,19,0.01,0.8,5.764800999999997,40,10000
5,691,10.57,19,0.01,0.8,5.764800999999997,40,10000
5,692,10.53,19,0.01,0.8,5.764800999999997,40,10000
5,693,10.5,19,0.01,0.8,5.764800999999997,40,10000
5,694,10.47,19,0.01,0.8,5.764800999999997,40,10000
5,695,10.42,19,0.01,0.8,5.764800999999997,40,10000
5,696,10.41,19,0.01,0.8,5.764800999999997,40,10000
5,697,10.4,19,0.01,0.8,5.764800999999997,40,10000
5,698,10.41,19,0.01,0.8,5.764800999999997,40,10000
5,699,10.32,18,0.01,0.8,5.764800999999997,40,10000
5,700,10.27,18,0.01,0.8,5.764800999999997,40,10000
5,701,10.28,18,0.01,0.8,4.035360699999998,40,10000
5,702,10.26,18,0.01,0.8,4.035360699999998,40,10000
5,703,10.24,18,0.01,0.8,4.035360699999998,40,10000
5,704,10.21,18,0.01,0.8,4.035360699999998,40,10000
5,705,10.14,18,0.01,0.8,4.035360699999998,40,10000
5,706,10.15,18,0.01,0.8,4.035360699999998,40,10000
5,707,10.12,18,0.01,0.8,4.035360699999998,40,10000
5,708,10.11,18,0.01,0.8,4.035360699999998,40,10000
5,709,10.04,18,0.01,0.8,4.035360699999998,40,10000
5,710,10.03,18,0.01,0.8,4.035360699999998,40,10000
5,711,9.99,18,0.01,0.8,4.035360699999998,40,10000
5,712,9.96,18,0.01,0.8,4.035360699999998,40,10000
5,713,9.96,18,0.01,0.8,4.035360699999998,40,10000
5,714,9.98,18,0.01,0.8,4.035360699999998,40,10000
5,715,9.98,18,0.01,0.8,4.035360699999998,40,10000
5,716,9.9,14,0.01,0.8,4.035360699999998,40,10000
5,717,9.9,14,0.01,0.8,4.035360699999998,40,10000
5,718,9.9,14,0.01,0.8,4.035360699999998,40,10000
5,719,9.87,14,0.01,0.8,4.035360699999998,40,10000
5,720,9.85,14,0.01,0.8,4.035360699999998,40,10000
5,721,9.82,14,0.01,0.8,2.8247524899999985,40,10000
5,722,9.82,14,0.01,0.8,2.8247524899999985,40,10000
5,723,9.82,14,0.01,0.8,2.8247524899999985,40,10000
5,724,9.77,14,0.01,0.8,2.8247524899999985,40,10000
5,725,9.75,14,0.01,0.8,2.8247524899999985,40,10000
5,726,9.75,14,0.01,0.8,2.8247524899999985,40,10000
5,727,9.74,14,0.01,0.8,2.8247524899999985,40,10000
5,728,9.7,14,0.01,0.8,2.8247524899999985,40,10000
5,729,9.71,14,0.01,0.8,2.8247524899999985,40,10000
5,730,9.72,14,0.01,0.8,2.8247524899999985,40,10000
5,731,9.71,14,0.01,0.8,2.8247524899999985,40,10000
5,732,9.69,14,0.01,0.8,2.8247524899999985,40,10000
5,733,9.67,14,0.01,0.8,2.8247524899999985,40,10000
5,734,9.66,14,0.01,0.8,2.8247524899999985,40,10000
5,735,9.67,14,0.01,0.8,2.8247524899999985,40,10000
5,736,9.62,13,0.01,0.8,2.8247524899999985,40,10000
5,737,9.63,13,0.01,0.8,2.8247524899999985,40,10000
5,738,9.63,13,0.01,0.8,2.8247524899999985,40,10000
5,739,9.64,13,0.01,0.8,2.8247524899999985,40,10000
5,740,9.63,13,0.01,0.8,2.8247524899999985,40,10000
5,741,9.63,13,0.01,0.8,1.9773267429999988,40,10000
5,742,9.62,13,0.01,0.8,1.9773267429999988,40,10000
5,743,9.62,13,0.01,0.8,1.9773267429999988,40,10000
5,744,9.61,13,0.01,0.8,1.9773267429999988,40,10000
5,745,9.58,13,0.01,0.8,1.9773267429999988,40,10000
5,746,9.59,13,0.01,0.8,1.9773267429999988,40,10000
5,747,9.59,13,0.01,0.8,1.9773267429999988,40,10000
5,748,9.57,13,0.01,0.8,1.9773267429999988,40,10000
5,749,9.57,13,0.01,0.8,1.9773267429999988,40,10000
5,750,9.57,13,0.01,0.8,1.9773267429999988,40,10000
5,751,9.59,13,0.01,0.8,1.9773267429999988,40,10000
5,752,9.6,13,0.01,0.8,1.9773267429999988,40,10000
5,753,9.59,13,0.01,0.8,1.9773267429999988,40,10000
5,754,9.58,13,0.01,0.8,1.9773267429999988,40,10000
5,755,9.57,13,0.01,0.8,1.9773267429999988,40,10000
5,756,9.55,13,0.01,0.8,1.9773267429999988,40,10000
5,757,9.56,13,0.01,0.8,1.9773267429999988,40,10000
5,758,9.56,13,0.01,0.8,1.9773267429999988,40,10000
5,759,9.56,13,0.01,0.8,1.9773267429999988,40,10000
5,760,9.55,13,0.01,0.8,1.9773267429999988,40,10000
5,761,9.56,13,0.01,0.8,1.384128720099999,40,10000
5,762,9.57,13,0.01,0.8,1.384128720099999,40,10000
5,763,9.61,13,0.01,0.8,1.384128720099999,40,10000
5,764,9.64,13,0.01,0.8,1.384128720099999,40,10000
5,765,9.64,13,0.01,0.8,1.384128720099999,40,10000
5,766,9.66,13,0.01,0.8,1.384128720099999,40,10000
5,767,9.66,13,0.01,0.8,1.384128720099999,40,10000
5,768,9.64,13,0.01,0.8,1.384128720099999,40,10000
5,769,9.65,13,0.01,0.8,1.384128720099999,40,10000
5,770,9.66,13,0.01,0.8,1.384128720099999,40,10000
5,771,9.67,13,0.01,0.8,1.384128720099999,40,10000
5,772,9.66,13,0.01,0.8,1.384128720099999,40,10000
5,773,9.69,13,0.01,0.8,1.384128720099999,40,10000
5,774,9.66,13,0.01,0.8,1.384128720099999,40,10000
5,775,9.64,13,0.01,0.8,1.384128720099999,40,10000
5,776,9.62,13,0.01,0.8,1.384128720099999,40,10000
5,777,9.61,13,0.01,0.8,1.384128720099999,40,10000
5,778,9.61,13,0.01,0.8,1.384128720099999,40,10000
5,779,9.6,13,0.01,0.8,1.384128720099999,40,10000
5,780,9.6,13,0.01,0.8,1.384128720099999,40,10000
5,781,9.57,12,0.01,0.8,1.0,40,10000
5,782,9.57,12,0.01,0.8,1.0,40,10000
5,783,9.56,12,0.01,0.8,1.0,40,10000
5,784,9.57,12,0.01,0.8,1.0,40,10000
5,785,9.57,12,0.01,0.8,1.0,40,10000
5,786,9.56,12,0.01,0.8,1.0,40,10000
5,787,9.56,12,0.01,0.8,1.0,40,10000
5,788,9.55,12,0.01,0.8,1.0,40,10000
5,789,9.55,12,0.01,0.8,1.0,40,10000
5,790,9.56,12,0.01,0.8,1.0,40,10000
5,791,9.56,12,0.01,0.8,1.0,40,10000
5,792,9.55,12,0.01,0.8,1.0,40,10000
5,793,9.55,12,0.01,0.8,1.0,40,10000
5,794,9.53,12,0.01,0.8,1.0,40,10000
5,795,9.54,12,0.01,0.8,1.0,40,10000
5,796,9.54,12,0.01,0.8,1.0,40,10000
5,797,9.55,12,0.01,0.8,1.0,40,10000
5,798,9.52,12,0.01,0.8,1.0,40,10000
5,799,9.52,12,0.01,0.8,1.0,40,10000
5,800,9.51,12,0.01,0.8,1.0,40,10000
5,801,9.67,26,0.01,0.8,1.0,40,10000
5,802,9.77,26,0.01,0.8,1.0,40,10000
5,803,9.88,26,0.01,0.8,1.0,40,10000
5,804,10.07,29,0.01,0.8,1.0,40,10000
5,805,10.16,29,0.01,0.8,1.0,40,10000
5,806,10.25,29,0.01,0.8,1.0,40,10000
5,807,10.36,29,0.01,0.8,1.0,40,10000
5,808,10.51,29,0.01,0.8,1.0,40,10000
5,809,10.58,29,0.01,0.8,1.0,40,10000
5,810,10.67,29,0.01,0.8,1.0,40,10000
5,811,10.75,29,0.01,0.8,1.0,40,10000
5,812,10.84,29,0.01,0.8,1.0,40,10000
5,813,11.03,29,0.01,0.8,1.0,40,10000
5,814,11.13,29,0.01,0.8,1.0,40,10000
5,815,11.31,29,0.01,0.8,1.0,40,10000
5,816,11.39,29,0.01,0.8,1.0,40,10000
5,817,11.54,29,0.01,0.8,1.0,40,10000
5,818,11.66,29,0.01,0.8,1.0,40,10000
5,819,11.82,29,0.01,0.8,1.0,40,10000
5,820,11.91,29,0.01,0.8,1.0,40,10000
5,821,11.93,29,0.01,0.8,1.0,40,10000
5,822,11.97,29,0.01,0.8,1.0,40,10000
5,823,11.97,29,0.01,0.8,1.0,40,10000
5,824,12.02,29,0.01,0.8,1.0,40,10000
5,825,12.07,29,0.01,0.8,1.0,40,10000
5,826,12.11,29,0.01,0.8,1.0,40,10000
5,827,12.11,29,0.01,0.8,1.0,40,10000
5,828,12.17,29,0.01,0.8,1.0,40,10000
5,829,12.2,29,0.01,0.8,1.0,40,10000
5,830,12.21,29,0.01,0.8,1.0,40,10000
5,831,12.23,29,0.01,0.8,1.0,40,10000
5,832,12.27,29,0.01,0.8,1.0,40,10000
5,833,12.32,29,0.01,0.8,1.0,40,10000
5,834,12.37,29,0.01,0.8,1.0,40,10000
5,835,12.42,29,0.01,0.8,1.0,40,10000
5,836,12.42,29,0.01,0.8,1.0,40,10000
5,837,12.42,29,0.01,0.8,1.0,40,10000
5,838,12.49,29,0.01,0.8,1.0,40,10000
5,839,12.5,29,0.01,0.8,1.0,40,10000
5,840,12.54,29,0.01,0.8,1.0,40,10000
5,841,12.54,29,0.01,0.8,1.0,40,10000
5,842,12.54,29,0.01,0.8,1.0,40,10000
5,843,12.54,29,0.01,0.8,1.0,40,10000
5,844,12.54,29,0.01,0.8,1.0,40,10000
5,845,12.54,29,0.01,0.8,1.0,40,10000
5,846,12.54,29,0.01,0.8,1.0,40,10000
5,847,12.55,29,0.01,0.8,1.0,40,10000
5,848,12.55,29,0.01,0.8,1.0,40,10000
5,849,12.55,29,0.01,0.8,1.0,40,10000
5,850,12.56,29,0.01,0.8,1.0,40,10000
5,851,12.54,29,0.01,0.8,1.0,40,10000
5,852,12.54,29,0.01,0.8,1.0,40,10000
5,853,12.53,29,0.01,0.8,1.0,40,10000
5,854,12.54,29,0.01,0.8,1.0,40,10000
5,855,12.54,29,0.01,0.8,1.0,40,10000
5,856,12.53,29,0.01,0.8,1.0,40,10000
5,857,12.54,29,0.01,0.8,1.0,40,10000
5,858,12.53,29,0.01,0.8,1.0,40,10000
5,859,12.53,29,0.01,0.8,1.0,40,10000
5,860,12.54,29,0.01,0.8,1.0,40,10000
5,861,12.71,29,0.01,0.8,1.0,40,10000
5,862,12.85,29,0.01,0.8,1.0,40,10000
5,863,13.02,29,0.01,0.8,1.0,40,10000
5,864,13.12,29,0.01,0.8,1.0,40,10000
5,865,13.36,35,0.01,0.8,1.0,40,10000
5,866,13.53,35,0.01,0.8,1.0,40,10000
5,867,13.73,35,0.01,0.8,1.0,40,10000
5,868,13.87,35,0.01,0.8,1.0,40,10000
5,869,14.01,35,0.01,0.8,1.0,40,10000
5,870,14.18,35,0.01,0.8,1.0,40,10000
5,871,14.31,35,0.01,0.8,1.0,40,10000
5,872,14.47,35,0.01,0.8,1.0,40,10000
5,873,14.63,35,0.01,0.8,1.0,40,10000
5,874,14.89,35,0.01,0.8,1.0,40,10000
5,875,15.02,35,0.01,0.8,1.0,40,10000
5,876,15.22,35,0.01,0.8,1.0,40,10000
5,877,15.59,46,0.01,0.8,1.0,40,10000
5,878,15.73,46,0.01,0.8,1.0,40,10000
5,879,15.85,46,0.01,0.8,1.0,40,10000
5,880,15.97,46,0.01,0.8,1.0,40,10000
5,881,16.3,46,0.01,0.8,1.0,40,10000
5,882,16.65,46,0.01,0.8,1.0,40,10000
5,883,16.83,46,0.01,0.8,1.0,40,10000
5,884,17,46,0.01,0.8,1.0,40,10000
5,885,17.3,46,0.01,0.8,1.0,40,10000
5,886,17.51,46,0.01,0.8,1.0,40,10000
5,887,17.8,46,0.01,0.8,1.0,40,10000
5,888,18.02,46,0.01,0.8,1.0,40,10000
5,889,18.32,46,0.01,0.8,1.0,40,10000
5,890,18.53,46,0.01,0.8,1.0,40,10000
5,891,19.44,101,0.01,0.8,1.0,40,10000
5,892,19.77,101,0.01,0.8,1.0,40,10000
5,893,20.71,103,0.01,0.8,1.0,40,10000
